Date,Close
2007/12/31,28.049999
2008/1/2,27.700001
2008/1/3,27.049999
2008/1/4,27.75
2008/1/7,27.450001
2008/1/8,27.299999
2008/1/9,27.799999
2008/1/10,27.450001
2008/1/11,27.049999
2008/1/14,26.700001
2008/1/15,26
2008/1/16,24.65
2008/1/17,25.4
2008/1/18,25.35
2008/1/21,24.049999
2008/1/22,21.9
2008/1/23,24.35
2008/1/24,23.700001
2008/1/25,25.35
2008/1/28,24.299999
2008/1/29,24.5
2008/1/30,23.799999
2008/1/31,23.549999
2008/2/1,24.299999
2008/2/4,25.200001
2008/2/5,25
2008/2/6,23.549999
2008/2/11,22.75
2008/2/12,23.1
2008/2/13,23.299999
2008/2/14,24.200001
2008/2/15,24.299999
2008/2/18,23.9
2008/2/19,24.35
2008/2/20,23.75
2008/2/21,23.85
2008/2/22,23.6
2008/2/25,23.5
2008/2/26,24
2008/2/27,24.65
2008/2/28,24.75
2008/2/29,24.450001
2008/3/3,23.75
2008/3/4,23.299999
2008/3/5,23.35
2008/3/6,23.450001
2008/3/7,22.75
2008/3/10,23
2008/3/11,23.200001
2008/3/12,23.6
2008/3/13,22.5
2008/3/14,22.5
2008/3/17,21.4
2008/3/18,21.75
2008/3/19,22.15
2008/3/20,21.5
2008/3/25,22.9
2008/3/26,22.9
2008/3/27,23.049999
2008/3/28,23.5
2008/3/31,23.15
2008/4/1,23.450001
2008/4/2,24.15
2008/4/3,24.450001
2008/4/7,24.85
2008/4/8,24.549999
2008/4/9,24.35
2008/4/10,24.450001
2008/4/11,24.950001
2008/4/14,24.1
2008/4/15,24.200001
2008/4/16,24.1
2008/4/17,24.549999
2008/4/18,24.5
2008/4/21,25
2008/4/22,25.25
2008/4/23,25.6
2008/4/24,26
2008/4/25,25.9
2008/4/28,26
2008/4/29,25.950001
2008/4/30,25.9
2008/5/2,26.450001
2008/5/5,26.25
2008/5/6,26.4
2008/5/7,25.700001
2008/5/8,25.6
2008/5/9,25.200001
2008/5/13,25.75
2008/5/14,25.799999
2008/5/15,25.65
2008/5/16,25.85
2008/5/19,25.9
2008/5/20,25.35
2008/5/21,25.700001
2008/5/22,25.299999
2008/5/23,25
2008/5/26,24.549999
2008/5/27,24.549999
2008/5/28,24.65
2008/5/29,24.700001
2008/5/30,24.9
2008/6/2,25.049999
2008/6/3,24.65
2008/6/4,24.35
2008/6/5,24.65
2008/6/6,24.85
2008/6/10,23.75
2008/6/11,23.700001
2008/6/12,23.4
2008/6/13,23.1
2008/6/16,23.299999
2008/6/17,23.299999
2008/6/18,23.6
2008/6/19,23.200001
2008/6/20,23.15
2008/6/23,23.15
2008/6/24,22.799999
2008/6/25,22.950001
2008/6/26,22.9
2008/6/27,22.4
2008/6/30,22.450001
2008/7/2,22.049999
2008/7/3,21.6
2008/7/4,21.799999
2008/7/7,22.299999
2008/7/8,21.549999
2008/7/9,22.15
2008/7/10,22.200001
2008/7/11,22.5
2008/7/14,22.299999
2008/7/15,21.549999
2008/7/16,21.549999
2008/7/17,22.1
2008/7/18,22.299999
2008/7/21,22.950001
2008/7/22,22.950001
2008/7/23,23.549999
2008/7/24,23.5
2008/7/25,23.15
2008/7/28,23.1
2008/7/29,22.65
2008/7/30,23.1
2008/7/31,23.15
2008/8/1,23.299999
2008/8/4,22.950001
2008/8/5,22.35
2008/8/6,null
2008/8/7,22.450001
2008/8/8,22.299999
2008/8/11,22.25
2008/8/12,22.049999
2008/8/13,21.700001
2008/8/14,21.75
2008/8/15,21.5
2008/8/18,21.299999
2008/8/19,20.9
2008/8/20,21.299999
2008/8/21,20.799999
2008/8/22,null
2008/8/25,21.450001
2008/8/26,21.5
2008/8/27,21.85
2008/8/28,21.450001
2008/8/29,21.700001
2008/9/1,21.299999
2008/9/2,21.5
2008/9/3,21
2008/9/4,20.799999
2008/9/5,20.35
2008/9/8,21.200001
2008/9/9,20.9
2008/9/10,20.450001
2008/9/11,19.84
2008/9/12,19.879999
2008/9/16,18.74
2008/9/17,18.18
2008/9/18,18.24
2008/9/19,19.74
2008/9/22,20.1
2008/9/23,19.42
2008/9/24,19.48
2008/9/25,19.440001
2008/9/26,19.200001
2008/9/29,18.379999
2008/9/30,18.5
2008/10/2,18.719999
2008/10/3,18.24
2008/10/6,17.26
2008/10/8,16.02
2008/10/9,16.48
2008/10/10,15.32
2008/10/13,16.780001
2008/10/14,17.280001
2008/10/15,16.459999
2008/10/16,15.7
2008/10/17,15
2008/10/20,15.84
2008/10/21,15.52
2008/10/22,14.8
2008/10/23,14.28
2008/10/24,13
2008/10/27,11.6
2008/10/28,12.92
2008/10/29,13.14
2008/10/30,14.3
2008/10/31,14
2008/11/3,14.44
2008/11/4,14.52
2008/11/5,14.96
2008/11/6,13.84
2008/11/7,14.36
2008/11/10,14.88
2008/11/11,14.14
2008/11/12,14.1
2008/11/13,13.28
2008/11/14,13.64
2008/11/17,13.62
2008/11/18,12.94
2008/11/19,12.92
2008/11/20,12.4
2008/11/21,12.8
2008/11/24,12.62
2008/11/25,13.04
2008/11/26,13.46
2008/11/27,13.6
2008/11/28,14
2008/12/1,14.2
2008/12/2,13.6
2008/12/3,13.78
2008/12/4,13.64
2008/12/5,13.98
2008/12/8,15.16
2008/12/9,15
2008/12/10,15.66
2008/12/11,15.76
2008/12/12,14.98
2008/12/15,15.22
2008/12/16,15.3
2008/12/17,15.58
2008/12/18,15.64
2008/12/19,15.34
2008/12/22,14.8
2008/12/23,14.38
2008/12/24,14.34
2008/12/29,14.44
2008/12/30,14.44
2008/12/31,14.6
2009/1/2,15.18
2009/1/5,15.72
2009/1/6,15.6
2009/1/7,15.18
2009/1/8,14.6
2009/1/9,14.56
2009/1/12,14.16
2009/1/13,13.86
2009/1/14,13.9
2009/1/15,13.42
2009/1/16,13.38
2009/1/19,13.48
2009/1/20,13.08
2009/1/21,12.7
2009/1/22,12.82
2009/1/23,12.72
2009/1/29,13.28
2009/1/30,13.4
2009/2/2,13.02
2009/2/3,12.92
2009/2/4,13.2
2009/2/5,13.32
2009/2/6,13.76
2009/2/9,13.9
2009/2/10,13.98
2009/2/11,13.7
2009/2/12,13.4
2009/2/13,13.68
2009/2/16,13.54
2009/2/17,13.06
2009/2/18,13.16
2009/2/19,13.18
2009/2/20,12.9
2009/2/23,13.34
2009/2/24,12.92
2009/2/25,13.12
2009/2/26,13.04
2009/2/27,12.98
2009/3/2,12.38
2009/3/3,12.2
2009/3/4,12.48
2009/3/5,12.36
2009/3/6,12.18
2009/3/9,11.72
2009/3/10,11.94
2009/3/11,12.1
2009/3/12,12.16
2009/3/13,12.68
2009/3/16,13.1
2009/3/17,13
2009/3/18,13.3
2009/3/19,13.24
2009/3/20,12.98
2009/3/23,13.64
2009/3/24,14.08
2009/3/25,13.82
2009/3/26,14.28
2009/3/27,14.3
2009/3/30,13.66
2009/3/31,13.8
2009/4/1,13.7
2009/4/2,14.72
2009/4/3,14.72
2009/4/6,15.22
2009/4/7,15.14
2009/4/8,14.64
2009/4/9,15.08
2009/4/14,15.74
2009/4/15,15.86
2009/4/16,15.76
2009/4/17,15.82
2009/4/20,15.94
2009/4/21,15.52
2009/4/22,15.08
2009/4/23,15.44
2009/4/24,15.5
2009/4/27,15.08
2009/4/28,14.78
2009/4/29,15.02
2009/4/30,15.58
2009/5/4,16.48
2009/5/5,16.540001
2009/5/6,16.940001
2009/5/7,17.299999
2009/5/8,17.5
2009/5/11,17.200001
2009/5/12,17.280001
2009/5/13,17.139999
2009/5/14,16.620001
2009/5/15,16.9
2009/5/18,17.139999
2009/5/19,17.68
2009/5/20,17.6
2009/5/21,17.360001
2009/5/22,17.24
2009/5/25,17.32
2009/5/26,17.24
2009/5/27,18.16
2009/5/29,18.440001
2009/6/1,19.120001
2009/6/2,18.639999
2009/6/3,18.84
2009/6/4,18.74
2009/6/5,18.879999
2009/6/8,18.5
2009/6/9,18.32
2009/6/10,19.040001
2009/6/11,19.059999
2009/6/12,19.16
2009/6/15,18.74
2009/6/16,18.42
2009/6/17,18.34
2009/6/18,18.08
2009/6/19,18.24
2009/6/22,18.4
2009/6/23,17.879999
2009/6/24,18.219999
2009/6/25,18.620001
2009/6/26,18.92
2009/6/29,18.860001
2009/6/30,18.76
2009/7/2,18.459999
2009/7/3,18.5
2009/7/6,18.26
2009/7/7,18.18
2009/7/8,18.059999
2009/7/9,18.120001
2009/7/10,18
2009/7/13,17.6
2009/7/14,18.200001
2009/7/15,18.620001
2009/7/16,18.66
2009/7/17,19.16
2009/7/20,19.84
2009/7/21,19.860001
2009/7/22,19.620001
2009/7/23,20.15
2009/7/24,20.35
2009/7/27,20.6
2009/7/28,20.9
2009/7/29,20.450001
2009/7/30,20.549999
2009/7/31,20.9
2009/8/3,21.1
2009/8/4,21.1
2009/8/5,20.799999
2009/8/6,21.25
2009/8/7,20.700001
2009/8/10,21.25
2009/8/11,21.35
2009/8/12,20.799999
2009/8/13,21.200001
2009/8/14,21.15
2009/8/17,20.5
2009/8/18,20.65
2009/8/19,20.299999
2009/8/20,20.700001
2009/8/21,20.6
2009/8/24,20.9
2009/8/25,20.799999
2009/8/26,20.799999
2009/8/27,20.6
2009/8/28,20.450001
2009/8/31,20.1
2009/9/1,20.200001
2009/9/2,19.879999
2009/9/3,20.1
2009/9/4,20.700001
2009/9/7,21
2009/9/8,21.450001
2009/9/9,21.299999
2009/9/10,21.450001
2009/9/11,21.549999
2009/9/14,21.4
2009/9/15,21.35
2009/9/16,21.799999
2009/9/17,22.200001
2009/9/18,22.1
2009/9/21,21.950001
2009/9/22,22.200001
2009/9/23,22.049999
2009/9/24,21.549999
2009/9/25,21.5
2009/9/28,21.049999
2009/9/29,21.450001
2009/9/30,21.4
2009/10/2,20.799999
2009/10/5,20.85
2009/10/6,21.299999
2009/10/7,21.75
2009/10/8,22
2009/10/9,22
2009/10/12,21.75
2009/10/13,22
2009/10/14,22.4
2009/10/15,22.5
2009/10/16,22.4
2009/10/19,22.65
2009/10/20,22.85
2009/10/21,22.75
2009/10/22,22.700001
2009/10/23,23.049999
2009/10/27,22.700001
2009/10/28,22.25
2009/10/29,21.4
2009/10/30,21.85
2009/11/2,21.75
2009/11/3,21.299999
2009/11/4,21.700001
2009/11/5,21.5
2009/11/6,21.950001
2009/11/9,22.35
2009/11/10,22.35
2009/11/11,22.700001
2009/11/12,22.5
2009/11/13,22.65
2009/11/16,23.049999
2009/11/17,23
2009/11/18,22.950001
2009/11/19,22.700001
2009/11/20,22.549999
2009/11/23,22.9
2009/11/24,22.6
2009/11/25,22.799999
2009/11/26,22.35
2009/11/27,21.299999
2009/11/30,22
2009/12/1,22.25
2009/12/2,22.4
2009/12/3,22.65
2009/12/4,22.700001
2009/12/7,22.5
2009/12/8,22.200001
2009/12/9,21.9
2009/12/10,21.85
2009/12/11,22.1
2009/12/14,22.200001
2009/12/15,21.950001
2009/12/16,21.75
2009/12/17,21.5
2009/12/18,21.299999
2009/12/21,21.1
2009/12/22,21.200001
2009/12/23,21.4
2009/12/24,null
2009/12/28,21.6
2009/12/29,21.6
2009/12/30,21.700001
2009/12/31,null
2010/1/4,21.950001
2010/1/5,22.450001
2010/1/6,22.6
2010/1/7,22.450001
2010/1/8,22.5
2010/1/11,22.6
2010/1/12,22.4
2010/1/13,21.9
2010/1/14,21.85
2010/1/15,21.75
2010/1/18,21.6
2010/1/19,21.799999
2010/1/20,21.4
2010/1/21,21
2010/1/22,20.950001
2010/1/25,20.75
2010/1/26,20.299999
2010/1/27,20.200001
2010/1/28,20.5
2010/1/29,20.25
2010/2/1,20.4
2010/2/2,20.450001
2010/2/3,20.85
2010/2/4,null
2010/2/5,19.860001
2010/2/8,19.74
2010/2/9,19.92
2010/2/10,20.1
2010/2/11,20.450001
2010/2/12,20.450001
2010/2/17,20.700001
2010/2/18,20.549999
2010/2/19,20.049999
2010/2/22,20.5
2010/2/23,20.75
2010/2/24,20.65
2010/2/25,20.549999
2010/2/26,20.799999
2010/3/1,21.200001
2010/3/2,21.1
2010/3/3,21.049999
2010/3/4,20.75
2010/3/5,20.950001
2010/3/8,21.35
2010/3/9,21.4
2010/3/10,21.4
2010/3/11,21.4
2010/3/12,21.35
2010/3/15,21.299999
2010/3/16,21.200001
2010/3/17,21.6
2010/3/18,21.5
2010/3/19,21.5
2010/3/22,21.15
2010/3/23,21.200001
2010/3/24,21.25
2010/3/25,20.950001
2010/3/26,21.200001
2010/3/29,21.450001
2010/3/30,21.549999
2010/3/31,21.450001
2010/4/1,21.799999
2010/4/7,22.1
2010/4/8,22.049999
2010/4/9,22.4
2010/4/12,22.4
2010/4/13,22.35
2010/4/14,22.35
2010/4/15,22.35
2010/4/16,22.1
2010/4/19,21.65
2010/4/20,21.799999
2010/4/21,21.700001
2010/4/22,21.65
2010/4/23,21.5
2010/4/26,21.75
2010/4/27,21.450001
2010/4/28,21.200001
2010/4/29,20.9
2010/4/30,21.25
2010/5/3,20.950001
2010/5/4,20.9
2010/5/5,20.5
2010/5/6,20.35
2010/5/7,20.1
2010/5/10,20.65
2010/5/11,20.35
2010/5/12,20.4
2010/5/13,20.6
2010/5/14,20.35
2010/5/17,19.92
2010/5/18,20.200001
2010/5/19,19.879999
2010/5/20,19.879999
2010/5/24,19.959999
2010/5/25,19.32
2010/5/26,19.52
2010/5/27,19.82
2010/5/28,20.1
2010/5/31,20.1
2010/6/1,19.860001
2010/6/2,19.84
2010/6/3,20.15
2010/6/4,20.200001
2010/6/7,19.74
2010/6/8,19.860001
2010/6/9,20.049999
2010/6/10,20.049999
2010/6/11,20.25
2010/6/14,20.450001
2010/6/15,20.5
2010/6/17,20.549999
2010/6/18,20.65
2010/6/21,21.35
2010/6/22,21.25
2010/6/23,21.25
2010/6/24,21.049999
2010/6/25,21.049999
2010/6/28,21.15
2010/6/29,20.6
2010/6/30,20.549999
2010/7/2,20.25
2010/7/5,20.200001
2010/7/6,20.450001
2010/7/7,20.25
2010/7/8,20.4
2010/7/9,20.799999
2010/7/12,20.9
2010/7/13,20.799999
2010/7/14,21
2010/7/15,20.65
2010/7/16,20.65
2010/7/19,20.450001
2010/7/20,20.65
2010/7/21,20.950001
2010/7/22,21
2010/7/23,21.25
2010/7/26,21.25
2010/7/27,21.4
2010/7/28,21.549999
2010/7/29,21.549999
2010/7/30,21.4
2010/8/2,21.799999
2010/8/3,21.9
2010/8/4,21.950001
2010/8/5,22
2010/8/6,22.1
2010/8/9,22.200001
2010/8/10,21.85
2010/8/11,21.75
2010/8/12,21.5
2010/8/13,21.450001
2010/8/16,21.5
2010/8/17,21.549999
2010/8/18,21.450001
2010/8/19,21.5
2010/8/20,21.4
2010/8/23,21.35
2010/8/24,21.1
2010/8/25,21
2010/8/26,21.1
2010/8/27,21
2010/8/30,21.15
2010/8/31,20.9
2010/9/1,21.049999
2010/9/2,21.4
2010/9/3,21.5
2010/9/6,21.9
2010/9/7,21.950001
2010/9/8,21.6
2010/9/9,21.700001
2010/9/10,21.799999
2010/9/13,22.25
2010/9/14,22.25
2010/9/15,22.299999
2010/9/16,22.25
2010/9/17,22.5
2010/9/20,22.5
2010/9/21,22.6
2010/9/22,22.6
2010/9/24,22.700001
2010/9/27,22.9
2010/9/28,22.65
2010/9/29,22.950001
2010/9/30,22.950001
2010/10/4,23.15
2010/10/5,23.15
2010/10/6,23.5
2010/10/7,23.450001
2010/10/8,23.5
2010/10/11,23.799999
2010/10/12,23.700001
2010/10/13,24.049999
2010/10/14,24.4
2010/10/15,24.35
2010/10/18,24.049999
2010/10/19,24.35
2010/10/20,24.15
2010/10/21,24.25
2010/10/22,24.049999
2010/10/25,24.200001
2010/10/26,24.15
2010/10/27,23.75
2010/10/28,23.799999
2010/10/29,23.15
2010/11/1,23.799999
2010/11/2,23.75
2010/11/3,24.25
2010/11/4,24.6
2010/11/5,25
2010/11/8,25.1
2010/11/9,24.9
2010/11/10,24.65
2010/11/11,24.85
2010/11/12,24.35
2010/11/15,24.15
2010/11/16,23.799999
2010/11/17,23.35
2010/11/18,23.75
2010/11/19,23.75
2010/11/22,23.700001
2010/11/23,23.049999
2010/11/24,23.200001
2010/11/25,23.200001
2010/11/26,23
2010/11/29,23.35
2010/11/30,23.200001
2010/12/1,23.4
2010/12/2,23.6
2010/12/3,23.549999
2010/12/6,23.35
2010/12/7,23.6
2010/12/8,23.200001
2010/12/9,23.299999
2010/12/10,23.35
2010/12/13,23.5
2010/12/14,23.6
2010/12/15,23.049999
2010/12/16,22.799999
2010/12/17,22.85
2010/12/20,22.799999
2010/12/21,23.200001
2010/12/22,23.200001
2010/12/23,23.049999
2010/12/24,null
2010/12/28,22.799999
2010/12/29,23.15
2010/12/30,23.15
2010/12/31,null
2011/1/3,23.6
2011/1/4,23.799999
2011/1/5,23.9
2011/1/6,23.950001
2011/1/7,23.950001
2011/1/10,23.65
2011/1/11,23.950001
2011/1/12,24.299999
2011/1/13,24.4
2011/1/14,24.450001
2011/1/17,24.35
2011/1/18,24.35
2011/1/19,24.549999
2011/1/20,24.15
2011/1/21,24.049999
2011/1/24,23.950001
2011/1/25,23.950001
2011/1/26,24
2011/1/27,23.950001
2011/1/28,23.75
2011/1/31,23.65
2011/2/1,23.65
2011/2/2,null
2011/2/7,23.700001
2011/2/8,23.6
2011/2/9,23.299999
2011/2/10,22.85
2011/2/11,23
2011/2/14,23.25
2011/2/15,23.049999
2011/2/16,23.299999
2011/2/17,23.450001
2011/2/18,23.75
2011/2/21,23.65
2011/2/22,23.15
2011/2/23,23.1
2011/2/24,22.75
2011/2/25,23.200001
2011/2/28,23.549999
2011/3/1,23.6
2011/3/2,23.15
2011/3/3,23.299999
2011/3/4,23.6
2011/3/7,23.450001
2011/3/8,23.9
2011/3/9,24
2011/3/10,23.75
2011/3/11,23.4
2011/3/14,23.5
2011/3/15,22.85
2011/3/16,22.9
2011/3/17,22.5
2011/3/18,22.549999
2011/3/21,22.9
2011/3/22,23
2011/3/23,23.049999
2011/3/24,23.15
2011/3/25,23.35
2011/3/28,23.299999
2011/3/29,23.299999
2011/3/30,23.65
2011/3/31,23.75
2011/4/1,24
2011/4/4,24.35
2011/4/6,24.5
2011/4/7,24.549999
2011/4/8,24.65
2011/4/11,24.549999
2011/4/12,24.200001
2011/4/13,24.4
2011/4/14,24.200001
2011/4/15,24.200001
2011/4/18,24.049999
2011/4/19,23.75
2011/4/20,24.1
2011/4/21,24.4
2011/4/26,24.25
2011/4/27,24.15
2011/4/28,23.950001
2011/4/29,23.799999
2011/5/3,23.75
2011/5/4,23.4
2011/5/5,23.4
2011/5/6,23.299999
2011/5/9,23.5
2011/5/11,23.5
2011/5/12,23.25
2011/5/13,23.549999
2011/5/16,23.200001
2011/5/17,23.1
2011/5/18,23.25
2011/5/19,23.450001
2011/5/20,23.5
2011/5/23,23
2011/5/24,23.049999
2011/5/25,23.049999
2011/5/26,23.15
2011/5/27,23.450001
2011/5/30,23.5
2011/5/31,24.049999
2011/6/1,23.950001
2011/6/2,23.6
2011/6/3,23.35
2011/6/7,23.25
2011/6/8,23.049999
2011/6/9,23
2011/6/10,22.799999
2011/6/13,22.9
2011/6/14,22.9
2011/6/15,22.75
2011/6/16,22.4
2011/6/17,22.15
2011/6/20,22.049999
2011/6/21,22.299999
2011/6/22,22.299999
2011/6/23,22.200001
2011/6/24,22.6
2011/6/27,22.5
2011/6/28,22.549999
2011/6/29,22.5
2011/6/30,22.85
2011/7/4,23.25
2011/7/5,23.25
2011/7/6,23
2011/7/7,22.950001
2011/7/8,23.15
2011/7/11,22.799999
2011/7/12,22.1
2011/7/13,22.35
2011/7/14,22.4
2011/7/15,22.299999
2011/7/18,22.200001
2011/7/19,22.35
2011/7/20,22.450001
2011/7/21,22.4
2011/7/22,22.9
2011/7/25,22.75
2011/7/26,22.950001
2011/7/27,23
2011/7/28,23
2011/7/29,22.85
2011/8/1,23.15
2011/8/2,22.85
2011/8/3,22.450001
2011/8/4,22.299999
2011/8/5,21.35
2011/8/8,20.950001
2011/8/9,19.76
2011/8/10,20.200001
2011/8/11,20.049999
2011/8/12,20.049999
2011/8/15,20.700001
2011/8/16,20.65
2011/8/17,20.75
2011/8/18,20.4
2011/8/19,19.84
2011/8/22,19.940001
2011/8/23,20.299999
2011/8/24,19.940001
2011/8/25,20.200001
2011/8/26,20
2011/8/29,20.35
2011/8/30,20.700001
2011/8/31,21
2011/9/1,21.049999
2011/9/2,20.700001
2011/9/5,20.15
2011/9/6,20.200001
2011/9/7,20.549999
2011/9/8,20.450001
2011/9/9,20.4
2011/9/12,null
2011/9/14,19.66
2011/9/15,19.799999
2011/9/16,20.049999
2011/9/19,19.459999
2011/9/20,19.620001
2011/9/21,19.379999
2011/9/22,18.5
2011/9/23,18.24
2011/9/26,17.98
2011/9/27,18.700001
2011/9/28,18.58
2011/9/30,18.139999
2011/10/3,17.379999
2011/10/4,16.82
2011/10/6,17.76
2011/10/7,18.280001
2011/10/10,18.299999
2011/10/11,18.719999
2011/10/12,18.92
2011/10/13,19.360001
2011/10/14,19.059999
2011/10/17,19.440001
2011/10/18,18.620001
2011/10/19,18.879999
2011/10/20,18.58
2011/10/21,18.639999
2011/10/24,19.379999
2011/10/25,19.540001
2011/10/26,19.66
2011/10/27,20.25
2011/10/28,20.65
2011/10/31,19.959999
2011/11/1,19.440001
2011/11/2,19.860001
2011/11/3,19.299999
2011/11/4,19.940001
2011/11/7,19.76
2011/11/8,19.799999
2011/11/9,20.1
2011/11/10,19.040001
2011/11/11,19.24
2011/11/14,19.66
2011/11/15,19.42
2011/11/16,19.02
2011/11/17,18.9
2011/11/18,18.6
2011/11/21,18.34
2011/11/22,18.360001
2011/11/23,17.98
2011/11/24,18.08
2011/11/25,17.82
2011/11/28,18.18
2011/11/29,18.379999
2011/11/30,18.1
2011/12/1,19.16
2011/12/2,19.219999
2011/12/5,19.34
2011/12/6,19.08
2011/12/7,19.379999
2011/12/8,19.26
2011/12/9,18.700001
2011/12/12,18.68
2011/12/13,18.6
2011/12/14,18.48
2011/12/15,18.18
2011/12/16,18.459999
2011/12/19,18.219999
2011/12/20,18.219999
2011/12/21,18.540001
2011/12/22,18.52
2011/12/23,18.780001
2011/12/24,null
2011/12/28,18.66
2011/12/29,18.52
2011/12/30,18.58
2011/12/31,null
2012/1/3,19.02
2012/1/4,18.9
2012/1/5,19
2012/1/6,18.74
2012/1/9,19.08
2012/1/10,19.16
2012/1/11,19.34
2012/1/12,19.280001
2012/1/13,19.379999
2012/1/16,19.16
2012/1/17,19.799999
2012/1/18,19.879999
2012/1/19,20.15
2012/1/20,20.25
2012/1/26,20.6
2012/1/27,20.65
2012/1/30,20.35
2012/1/31,20.5
2012/2/1,20.549999
2012/2/2,20.9
2012/2/3,20.9
2012/2/6,20.9
2012/2/7,20.85
2012/2/8,21.200001
2012/2/9,21.200001
2012/2/10,20.950001
2012/2/13,21.1
2012/2/14,21.1
2012/2/15,21.6
2012/2/16,21.450001
2012/2/17,21.65
2012/2/20,21.6
2012/2/21,21.65
2012/2/22,21.75
2012/2/23,21.6
2012/2/24,21.549999
2012/2/27,21.4
2012/2/28,21.799999
2012/2/29,21.85
2012/3/1,21.6
2012/3/2,21.799999
2012/3/5,21.35
2012/3/6,21
2012/3/7,20.799999
2012/3/8,21.1
2012/3/9,21.299999
2012/3/12,21.35
2012/3/13,21.549999
2012/3/14,21.549999
2012/3/15,21.6
2012/3/16,21.6
2012/3/20,21.15
2012/3/21,21.15
2012/3/22,21.15
2012/3/23,20.9
2012/3/26,20.950001
2012/3/27,21.35
2012/3/28,21.15
2012/3/29,20.85
2012/3/30,20.799999
2012/4/2,20.75
2012/4/3,21.049999
2012/4/5,20.85
2012/4/10,20.6
2012/4/11,20.4
2012/4/12,20.6
2012/4/13,21
2012/4/16,20.9
2012/4/17,20.85
2012/4/18,21.1
2012/4/19,21.299999
2012/4/20,21.25
2012/4/23,20.9
2012/4/24,20.950001
2012/4/25,20.950001
2012/4/26,21.1
2012/4/27,20.9
2012/4/30,21.25
2012/5/2,21.5
2012/5/3,21.4
2012/5/4,21.25
2012/5/7,20.65
2012/5/8,20.65
2012/5/9,20.450001
2012/5/10,20.35
2012/5/11,20.1
2012/5/14,19.860001
2012/5/15,20.049999
2012/5/16,19.42
2012/5/17,19.4
2012/5/18,19.139999
2012/5/21,19.16
2012/5/22,19.26
2012/5/23,18.98
2012/5/24,18.9
2012/5/25,18.959999
2012/5/28,19.059999
2012/5/29,19.299999
2012/5/30,18.959999
2012/5/31,18.98
2012/6/1,18.940001
2012/6/4,18.5
2012/6/5,18.58
2012/6/6,18.98
2012/6/7,19.08
2012/6/8,18.9
2012/6/11,19.379999
2012/6/12,19.32
2012/6/13,19.48
2012/6/14,19.32
2012/6/15,19.780001
2012/6/18,19.940001
2012/6/19,19.92
2012/6/20,20
2012/6/21,19.780001
2012/6/22,19.5
2012/6/25,19.4
2012/6/26,19.5
2012/6/27,19.700001
2012/6/28,19.52
2012/6/29,19.959999
2012/7/3,20.25
2012/7/4,20.200001
2012/7/5,20.35
2012/7/6,20.299999
2012/7/9,19.940001
2012/7/10,19.9
2012/7/11,19.940001
2012/7/12,19.52
2012/7/13,19.58
2012/7/16,19.6
2012/7/17,19.959999
2012/7/18,19.74
2012/7/19,20.1
2012/7/20,20.15
2012/7/23,19.540001
2012/7/24,19.360001
2012/7/25,19.379999
2012/7/26,19.4
2012/7/27,19.799999
2012/7/30,20.15
2012/7/31,20.299999
2012/8/1,20.299999
2012/8/2,20.25
2012/8/3,20.200001
2012/8/6,20.5
2012/8/7,20.6
2012/8/8,20.549999
2012/8/9,20.799999
2012/8/10,20.65
2012/8/13,20.6
2012/8/14,20.85
2012/8/15,20.6
2012/8/16,20.5
2012/8/17,20.700001
2012/8/20,20.65
2012/8/21,20.700001
2012/8/22,20.450001
2012/8/23,20.700001
2012/8/24,20.450001
2012/8/27,20.4
2012/8/28,20.4
2012/8/29,20.35
2012/8/30,20.1
2012/8/31,20.049999
2012/9/3,20.15
2012/9/4,19.98
2012/9/5,19.700001
2012/9/6,19.84
2012/9/7,20.5
2012/9/10,20.5
2012/9/11,20.5
2012/9/12,20.75
2012/9/13,20.700001
2012/9/14,21.25
2012/9/17,21.299999
2012/9/18,21.25
2012/9/19,21.549999
2012/9/20,21.25
2012/9/21,21.4
2012/9/24,21.35
2012/9/25,21.4
2012/9/26,21.200001
2012/9/27,21.5
2012/9/28,21.5
2012/10/3,21.5
2012/10/4,21.549999
2012/10/5,21.65
2012/10/8,21.450001
2012/10/9,21.6
2012/10/10,21.6
2012/10/11,21.65
2012/10/12,21.799999
2012/10/15,21.85
2012/10/16,21.85
2012/10/17,22.1
2012/10/18,22.200001
2012/10/19,22.200001
2012/10/22,22.4
2012/10/24,22.450001
2012/10/25,22.5
2012/10/26,22.25
2012/10/29,22.200001
2012/10/30,22.1
2012/10/31,21.799999
2012/11/1,22
2012/11/2,22.35
2012/11/5,22.200001
2012/11/6,22.15
2012/11/7,22.299999
2012/11/8,21.700001
2012/11/9,21.549999
2012/11/12,21.6
2012/11/13,21.35
2012/11/14,21.6
2012/11/15,21.299999
2012/11/16,21.25
2012/11/19,21.5
2012/11/20,21.450001
2012/11/21,21.75
2012/11/22,21.950001
2012/11/23,22.15
2012/11/26,22.1
2012/11/27,22.049999
2012/11/28,21.9
2012/11/29,22.15
2012/11/30,22.25
2012/12/3,21.950001
2012/12/4,22
2012/12/5,22.5
2012/12/6,22.450001
2012/12/7,22.4
2012/12/10,22.450001
2012/12/11,22.5
2012/12/12,22.700001
2012/12/13,22.65
2012/12/14,22.85
2012/12/17,22.700001
2012/12/18,22.700001
2012/12/19,22.85
2012/12/20,22.799999
2012/12/21,22.700001
2012/12/24,null
2012/12/27,22.85
2012/12/28,22.9
2012/12/31,null
2013/1/2,23.5
2013/1/3,23.549999
2013/1/4,23.5
2013/1/7,23.5
2013/1/8,23.25
2013/1/9,23.450001
2013/1/10,23.6
2013/1/11,23.5
2013/1/14,23.6
2013/1/15,23.6
2013/1/16,23.549999
2013/1/17,23.549999
2013/1/18,23.799999
2013/1/21,23.799999
2013/1/22,23.799999
2013/1/23,23.85
2013/1/24,23.799999
2013/1/25,23.799999
2013/1/28,23.9
2013/1/29,23.9
2013/1/30,24
2013/1/31,23.950001
2013/2/1,23.9
2013/2/4,23.9
2013/2/5,23.35
2013/2/6,23.450001
2013/2/7,23.4
2013/2/8,23.5
2013/2/14,23.65
2013/2/15,23.65
2013/2/18,23.6
2013/2/19,23.35
2013/2/20,23.5
2013/2/21,23.1
2013/2/22,23
2013/2/25,23.049999
2013/2/26,22.700001
2013/2/27,22.799999
2013/2/28,23.200001
2013/3/1,23.1
2013/3/4,22.75
2013/3/5,22.75
2013/3/6,22.950001
2013/3/7,23
2013/3/8,23.35
2013/3/11,23.35
2013/3/12,23.15
2013/3/13,22.799999
2013/3/14,22.85
2013/3/15,22.75
2013/3/18,22.299999
2013/3/19,22.200001
2013/3/20,22.549999
2013/3/21,22.5
2013/3/22,22.4
2013/3/25,22.549999
2013/3/26,22.6
2013/3/27,22.700001
2013/3/28,22.6
2013/4/2,22.700001
2013/4/3,22.6
2013/4/5,22
2013/4/8,22
2013/4/9,22.15
2013/4/10,22.299999
2013/4/11,22.299999
2013/4/12,22.4
2013/4/15,22
2013/4/16,21.950001
2013/4/17,21.85
2013/4/18,21.799999
2013/4/19,22.35
2013/4/22,22.299999
2013/4/23,22.049999
2013/4/24,22.5
2013/4/25,22.700001
2013/4/26,22.9
2013/4/29,22.700001
2013/4/30,22.85
2013/5/2,22.85
2013/5/3,22.85
2013/5/6,23.049999
2013/5/7,23.15
2013/5/8,23.299999
2013/5/9,23.4
2013/5/10,23.5
2013/5/13,23.1
2013/5/14,23.15
2013/5/15,23.25
2013/5/16,23.25
2013/5/20,23.700001
2013/5/21,23.6
2013/5/22,23.5
2013/5/23,22.85
2013/5/24,22.9
2013/5/27,22.950001
2013/5/28,23.200001
2013/5/29,22.799999
2013/5/30,22.799999
2013/5/31,22.700001
2013/6/3,22.6
2013/6/4,22.6
2013/6/5,22.4
2013/6/6,22.15
2013/6/7,21.950001
2013/6/10,22
2013/6/11,21.75
2013/6/13,21.4
2013/6/14,21.450001
2013/6/17,21.75
2013/6/18,21.75
2013/6/19,21.549999
2013/6/20,20.9
2013/6/21,20.799999
2013/6/24,20.35
2013/6/25,20.4
2013/6/26,20.9
2013/6/27,21
2013/6/28,21.35
2013/7/2,21.200001
2013/7/3,20.700001
2013/7/4,21.049999
2013/7/5,21.450001
2013/7/8,21.15
2013/7/9,21.25
2013/7/10,21.450001
2013/7/11,22.049999
2013/7/12,21.75
2013/7/15,21.799999
2013/7/16,21.85
2013/7/17,21.950001
2013/7/18,21.9
2013/7/19,21.950001
2013/7/22,21.9
2013/7/23,22.450001
2013/7/24,22.549999
2013/7/25,22.450001
2013/7/26,22.549999
2013/7/29,22.450001
2013/7/30,22.5
2013/7/31,22.4
2013/8/1,22.65
2013/8/2,22.700001
2013/8/5,22.799999
2013/8/6,22.450001
2013/8/7,22.1
2013/8/8,22.25
2013/8/9,22.299999
2013/8/12,22.799999
2013/8/13,23.15
2013/8/14,23.15
2013/8/15,23.1
2013/8/16,23.1
2013/8/19,23
2013/8/20,22.450001
2013/8/21,22.4
2013/8/22,22.5
2013/8/23,22.450001
2013/8/26,22.65
2013/8/27,22.5
2013/8/28,22.15
2013/8/29,22.299999
2013/8/30,22.299999
2013/9/2,22.85
2013/9/3,23
2013/9/4,22.950001
2013/9/5,23.25
2013/9/6,23.299999
2013/9/9,23.4
2013/9/10,23.6
2013/9/11,23.6
2013/9/12,23.65
2013/9/13,23.6
2013/9/16,24
2013/9/17,23.85
2013/9/18,23.799999
2013/9/19,24.200001
2013/9/23,24.1
2013/9/24,23.9
2013/9/25,23.9
2013/9/26,23.85
2013/9/27,23.9
2013/9/30,23.6
2013/10/2,23.700001
2013/10/3,23.950001
2013/10/4,23.85
2013/10/7,23.700001
2013/10/8,23.950001
2013/10/9,23.799999
2013/10/10,23.700001
2013/10/11,24
2013/10/15,24.1
2013/10/16,23.9
2013/10/17,23.75
2013/10/18,24.049999
2013/10/21,24.15
2013/10/22,24.049999
2013/10/23,23.75
2013/10/24,23.6
2013/10/25,23.450001
2013/10/28,23.6
2013/10/29,23.65
2013/10/30,24.1
2013/10/31,23.35
2013/11/1,23.4
2013/11/4,23.35
2013/11/5,23.200001
2013/11/6,23.15
2013/11/7,23
2013/11/8,22.9
2013/11/11,23.25
2013/11/12,23.1
2013/11/13,22.65
2013/11/14,22.799999
2013/11/15,23.200001
2013/11/18,23.85
2013/11/19,23.85
2013/11/20,23.9
2013/11/21,23.75
2013/11/22,23.85
2013/11/25,23.950001
2013/11/26,23.950001
2013/11/27,24
2013/11/28,24
2013/11/29,24.1
2013/12/2,24.200001
2013/12/3,24.1
2013/12/4,23.950001
2013/12/5,23.9
2013/12/6,24
2013/12/9,24
2013/12/10,23.950001
2013/12/11,23.5
2013/12/12,23.450001
2013/12/13,23.450001
2013/12/16,23.299999
2013/12/17,23.25
2013/12/18,23.35
2013/12/19,23.049999
2013/12/20,23
2013/12/23,23.15
2013/12/24,23.4
2013/12/27,23.450001
2013/12/30,23.450001
2013/12/31,23.450001
2014/1/2,23.5
2014/1/3,23
2014/1/6,22.85
2014/1/7,22.9
2014/1/8,23.200001
2014/1/9,22.950001
2014/1/10,23.049999
2014/1/13,23.1
2014/1/14,23
2014/1/15,23.1
2014/1/16,23.200001
2014/1/17,23.35
2014/1/20,23.1
2014/1/21,23.200001
2014/1/22,23.25
2014/1/23,22.950001
2014/1/24,22.6
2014/1/27,22.15
2014/1/28,22.15
2014/1/29,22.299999
2014/1/30,22.200001
2014/2/4,21.6
2014/2/5,21.450001
2014/2/6,21.6
2014/2/7,21.799999
2014/2/10,21.75
2014/2/11,22.15
2014/2/12,22.5
2014/2/13,22.35
2014/2/14,22.549999
2014/2/17,22.65
2014/2/18,22.75
2014/2/19,22.799999
2014/2/20,22.6
2014/2/21,22.75
2014/2/24,22.549999
2014/2/25,22.549999
2014/2/26,22.65
2014/2/27,23.049999
2014/2/28,23
2014/3/3,22.700001
2014/3/4,22.85
2014/3/5,22.799999
2014/3/6,22.9
2014/3/7,22.9
2014/3/10,22.450001
2014/3/11,22.450001
2014/3/12,22.200001
2014/3/13,22.049999
2014/3/14,21.85
2014/3/17,21.75
2014/3/18,21.85
2014/3/19,21.85
2014/3/20,21.450001
2014/3/21,21.75
2014/3/24,22.15
2014/3/25,22.049999
2014/3/26,22.200001
2014/3/27,22.1
2014/3/28,22.35
2014/3/31,22.4
2014/4/1,22.75
2014/4/2,22.75
2014/4/3,22.799999
2014/4/4,22.75
2014/4/7,22.6
2014/4/8,22.9
2014/4/9,23.15
2014/4/10,23.5
2014/4/11,23.25
2014/4/14,23.299999
2014/4/15,22.9
2014/4/16,23
2014/4/17,23.049999
2014/4/22,23.049999
2014/4/23,22.799999
2014/4/24,22.85
2014/4/25,22.450001
2014/4/28,22.450001
2014/4/29,22.65
2014/4/30,22.25
2014/5/2,22.450001
2014/5/5,22.15
2014/5/7,21.950001
2014/5/8,22.049999
2014/5/9,22.1
2014/5/12,22.549999
2014/5/13,22.6
2014/5/14,22.85
2014/5/15,22.950001
2014/5/16,22.9
2014/5/19,22.9
2014/5/20,23.049999
2014/5/21,23.15
2014/5/22,23.25
2014/5/23,23.299999
2014/5/26,23.299999
2014/5/27,23.299999
2014/5/28,23.5
2014/5/29,23.4
2014/5/30,23.5
2014/6/3,23.65
2014/6/4,23.549999
2014/6/5,23.549999
2014/6/6,23.4
2014/6/9,23.5
2014/6/10,23.700001
2014/6/11,23.700001
2014/6/12,23.700001
2014/6/13,23.85
2014/6/16,23.85
2014/6/17,23.75
2014/6/18,23.75
2014/6/19,23.75
2014/6/20,23.799999
2014/6/23,23.35
2014/6/24,23.450001
2014/6/25,23.450001
2014/6/26,23.799999
2014/6/27,23.75
2014/6/30,23.75
2014/7/2,24.25
2014/7/3,24.200001
2014/7/4,24.25
2014/7/7,24.25
2014/7/8,24.200001
2014/7/9,23.85
2014/7/10,23.9
2014/7/11,23.950001
2014/7/14,24.1
2014/7/15,24.15
2014/7/16,24.25
2014/7/17,24.25
2014/7/18,24.15
2014/7/21,24.049999
2014/7/22,24.549999
2014/7/23,24.700001
2014/7/24,24.799999
2014/7/25,24.950001
2014/7/28,25.1
2014/7/29,25.35
2014/7/30,25.5
2014/7/31,25.549999
2014/8/1,25.25
2014/8/4,25.35
2014/8/5,25.299999
2014/8/6,25.299999
2014/8/7,25.15
2014/8/8,25.049999
2014/8/11,25.4
2014/8/12,25.4
2014/8/13,25.65
2014/8/14,25.549999
2014/8/15,25.700001
2014/8/18,25.700001
2014/8/19,25.85
2014/8/20,25.9
2014/8/21,25.799999
2014/8/22,25.85
2014/8/25,25.950001
2014/8/26,25.9
2014/8/27,25.700001
2014/8/28,25.549999
2014/8/29,25.549999
2014/9/1,25.5
2014/9/2,25.549999
2014/9/3,26.15
2014/9/4,26.1
2014/9/5,26.049999
2014/9/8,26
2014/9/10,25.549999
2014/9/11,25.549999
2014/9/12,25.450001
2014/9/15,25.25
2014/9/16,25.049999
2014/9/17,25.299999
2014/9/18,25.049999
2014/9/19,25.200001
2014/9/22,24.799999
2014/9/23,24.75
2014/9/24,24.799999
2014/9/25,24.65
2014/9/26,24.549999
2014/9/29,24.1
2014/9/30,23.799999
2014/10/3,23.950001
2014/10/6,24.200001
2014/10/7,24.299999
2014/10/8,24.15
2014/10/9,24.4
2014/10/10,23.950001
2014/10/13,24.049999
2014/10/14,23.950001
2014/10/15,24.049999
2014/10/16,23.75
2014/10/17,23.950001
2014/10/20,23.950001
2014/10/21,24
2014/10/22,24.299999
2014/10/23,24.25
2014/10/24,24.200001
2014/10/27,24.049999
2014/10/28,24.450001
2014/10/29,24.75
2014/10/30,23.9
2014/10/31,24.200001
2014/11/3,24.1
2014/11/4,24.1
2014/11/5,23.950001
2014/11/6,23.9
2014/11/7,23.75
2014/11/10,24
2014/11/11,24
2014/11/12,24.15
2014/11/13,24.25
2014/11/14,24.299999
2014/11/17,24
2014/11/18,23.75
2014/11/19,23.6
2014/11/20,23.5
2014/11/21,23.700001
2014/11/24,24.15
2014/11/25,24.1
2014/11/26,24.4
2014/11/27,24.25
2014/11/28,24.200001
2014/12/1,23.549999
2014/12/2,23.85
2014/12/3,23.65
2014/12/4,24.1
2014/12/5,24.200001
2014/12/8,24.25
2014/12/9,23.700001
2014/12/10,23.75
2014/12/11,23.6
2014/12/12,23.5
2014/12/15,23.299999
2014/12/16,22.9
2014/12/17,22.85
2014/12/18,23.049999
2014/12/19,23.4
2014/12/22,23.700001
2014/12/23,23.6
2014/12/24,23.65
2014/12/29,24
2014/12/30,23.65
2014/12/31,23.9
2015/1/2,24.049999
2015/1/5,23.950001
2015/1/6,23.65
2015/1/7,23.9
2015/1/8,24.1
2015/1/9,24.200001
2015/1/12,24.299999
2015/1/13,24.5
2015/1/14,24.35
2015/1/15,24.6
2015/1/16,24.35
2015/1/19,23.950001
2015/1/20,24.200001
2015/1/21,24.6
2015/1/22,24.799999
2015/1/23,25.049999
2015/1/26,25.15
2015/1/27,25.049999
2015/1/28,25.1
2015/1/29,24.85
2015/1/30,24.75
2015/2/2,24.700001
2015/2/3,24.75
2015/2/4,24.9
2015/2/5,25.049999
2015/2/6,24.950001
2015/2/9,24.75
2015/2/10,24.799999
2015/2/11,24.549999
2015/2/12,24.700001
2015/2/13,24.950001
2015/2/16,25
2015/2/17,25.1
2015/2/18,25.049999
2015/2/23,25.1
2015/2/24,25
2015/2/25,25
2015/2/26,25.200001
2015/2/27,25.1
2015/3/2,25.1
2015/3/3,24.950001
2015/3/4,24.65
2015/3/5,24.450001
2015/3/6,24.5
2015/3/9,24.450001
2015/3/10,24.25
2015/3/11,24.049999
2015/3/12,24.15
2015/3/13,24.15
2015/3/16,24.299999
2015/3/17,24.299999
2015/3/18,24.5
2015/3/19,24.799999
2015/3/20,24.75
2015/3/23,24.85
2015/3/24,24.75
2015/3/25,24.950001
2015/3/26,24.9
2015/3/27,24.85
2015/3/30,25.25
2015/3/31,25.299999
2015/4/1,25.450001
2015/4/2,25.65
2015/4/8,26.6
2015/4/9,27.299999
2015/4/10,27.65
2015/4/13,28.450001
2015/4/14,28
2015/4/15,28.049999
2015/4/16,28.15
2015/4/17,28.1
2015/4/20,27.5
2015/4/21,28.299999
2015/4/22,28.35
2015/4/23,28.200001
2015/4/24,28.450001
2015/4/27,28.9
2015/4/28,28.9
2015/4/29,28.65
2015/4/30,28.35
2015/5/4,28.4
2015/5/5,28
2015/5/6,27.9
2015/5/7,27.5
2015/5/8,27.799999
2015/5/11,27.950001
2015/5/12,27.65
2015/5/13,27.5
2015/5/14,27.549999
2015/5/15,28.049999
2015/5/18,27.799999
2015/5/19,27.950001
2015/5/20,27.85
2015/5/21,27.799999
2015/5/22,28.299999
2015/5/26,28.65
2015/5/27,28.4
2015/5/28,28.5
2015/5/29,27.799999
2015/6/1,28
2015/6/2,27.85
2015/6/3,28
2015/6/4,27.950001
2015/6/5,27.6
2015/6/8,27.700001
2015/6/9,27.4
2015/6/10,27.049999
2015/6/11,27.35
2015/6/12,27.700001
2015/6/15,27.200001
2015/6/16,26.950001
2015/6/17,27.1
2015/6/18,27.1
2015/6/19,27.200001
2015/6/22,27.549999
2015/6/23,27.799999
2015/6/24,27.9
2015/6/25,27.75
2015/6/26,27.25
2015/6/29,26.6
2015/6/30,26.85
2015/7/2,26.9
2015/7/3,26.65
2015/7/6,25.85
2015/7/7,25.549999
2015/7/8,24.1
2015/7/9,25
2015/7/10,25.5
2015/7/13,25.85
2015/7/14,25.700001
2015/7/15,25.65
2015/7/16,25.75
2015/7/17,26.049999
2015/7/20,26
2015/7/21,26.15
2015/7/22,25.9
2015/7/23,26
2015/7/24,25.700001
2015/7/27,24.950001
2015/7/28,25.15
2015/7/29,25.25
2015/7/30,25.1
2015/7/31,25.200001
2015/8/3,25
2015/8/4,25
2015/8/5,25.1
2015/8/6,25
2015/8/7,25.1
2015/8/10,25.049999
2015/8/11,25.1
2015/8/12,24.5
2015/8/13,24.65
2015/8/14,24.65
2015/8/17,24.5
2015/8/18,24.1
2015/8/19,23.799999
2015/8/20,23.450001
2015/8/21,23.1
2015/8/24,21.9
2015/8/25,22.1
2015/8/26,21.700001
2015/8/27,22.549999
2015/8/28,22.4
2015/8/31,22.35
2015/9/1,21.799999
2015/9/2,21.6
2015/9/4,21.5
2015/9/7,21.299999
2015/9/8,22
2015/9/9,22.85
2015/9/10,22.299999
2015/9/11,22.25
2015/9/14,22.35
2015/9/15,22.15
2015/9/16,22.700001
2015/9/17,22.549999
2015/9/18,22.75
2015/9/21,22.5
2015/9/22,22.549999
2015/9/23,22.1
2015/9/24,21.9
2015/9/25,22
2015/9/29,21.299999
2015/9/30,21.6
2015/10/2,22.299999
2015/10/5,22.65
2015/10/6,22.6
2015/10/7,23.299999
2015/10/8,23.15
2015/10/9,23.200001
2015/10/12,23.549999
2015/10/13,23.4
2015/10/14,23.200001
2015/10/15,23.700001
2015/10/16,23.85
2015/10/19,23.85
2015/10/20,23.75
2015/10/22,23.65
2015/10/23,24
2015/10/26,23.9
2015/10/27,23.950001
2015/10/28,23.75
2015/10/29,22.950001
2015/10/30,22.85
2015/11/2,22.549999
2015/11/3,22.799999
2015/11/4,23.25
2015/11/5,23.200001
2015/11/6,23.049999
2015/11/9,22.85
2015/11/10,22.6
2015/11/11,22.549999
2015/11/12,23.15
2015/11/13,22.6
2015/11/16,22.200001
2015/11/17,22.5
2015/11/18,22.4
2015/11/19,22.700001
2015/11/20,22.950001
2015/11/23,22.9
2015/11/24,22.799999
2015/11/25,22.75
2015/11/26,22.75
2015/11/27,22.299999
2015/11/30,22.200001
2015/12/1,22.6
2015/12/2,22.700001
2015/12/3,22.6
2015/12/4,22.450001
2015/12/7,22.5
2015/12/8,22.1
2015/12/9,22
2015/12/10,21.9
2015/12/11,21.700001
2015/12/14,21.549999
2015/12/15,21.5
2015/12/16,21.950001
2015/12/17,22.1
2015/12/18,22
2015/12/21,22
2015/12/22,22
2015/12/23,22.200001
2015/12/24,22.299999
2015/12/28,22.1
2015/12/29,22.200001
2015/12/30,22.15
2015/12/31,22.1
2016/1/4,21.450001
2016/1/5,21.4
2016/1/6,21.15
2016/1/7,20.549999
2016/1/8,20.700001
2016/1/11,20.1
2016/1/12,19.9
2016/1/13,20.200001
2016/1/14,20.049999
2016/1/15,19.700001
2016/1/18,19.459999
2016/1/19,19.84
2016/1/20,19.059999
2016/1/21,18.76
2016/1/22,19.32
2016/1/25,19.540001
2016/1/26,19.02
2016/1/27,19.219999
2016/1/28,19.4
2016/1/29,19.84
2016/2/1,19.74
2016/2/2,19.620001
2016/2/3,19.200001
2016/2/4,19.379999
2016/2/5,19.48
2016/2/11,18.700001
2016/2/12,18.52
2016/2/15,19.120001
2016/2/16,19.299999
2016/2/17,19.1
2016/2/18,19.559999
2016/2/19,19.440001
2016/2/22,19.66
2016/2/23,19.620001
2016/2/24,19.360001
2016/2/25,19.08
2016/2/26,19.58
2016/2/29,19.299999
2016/3/1,19.559999
2016/3/2,20.200001
2016/3/3,20.15
2016/3/4,20.4
2016/3/7,20.450001
2016/3/8,20.299999
2016/3/9,20.299999
2016/3/10,20.299999
2016/3/11,20.5
2016/3/14,20.700001
2016/3/15,20.6
2016/3/16,20.549999
2016/3/17,20.75
2016/3/18,20.950001
2016/3/21,20.9
2016/3/22,20.9
2016/3/23,20.9
2016/3/24,20.6
2016/3/29,20.6
2016/3/30,21.15
2016/3/31,21.049999
2016/4/1,20.75
2016/4/5,20.4
2016/4/6,20.5
2016/4/7,20.549999
2016/4/8,20.65
2016/4/11,20.799999
2016/4/12,20.799999
2016/4/13,21.5
2016/4/14,21.700001
2016/4/15,21.6
2016/4/18,21.450001
2016/4/19,21.75
2016/4/20,21.5
2016/4/21,21.950001
2016/4/22,21.799999
2016/4/25,21.549999
2016/4/26,21.700001
2016/4/27,21.65
2016/4/28,21.5
2016/4/29,21.15
2016/5/3,20.75
2016/5/4,20.700001
2016/5/5,20.549999
2016/5/6,20.200001
2016/5/9,20.299999
2016/5/10,20.450001
2016/5/11,20.200001
2016/5/12,20.049999
2016/5/13,19.879999
2016/5/16,20.049999
2016/5/17,20.299999
2016/5/18,19.959999
2016/5/19,19.879999
2016/5/20,20.15
2016/5/23,20
2016/5/24,20.1
2016/5/25,20.6
2016/5/26,20.65
2016/5/27,20.799999
2016/5/30,20.85
2016/5/31,21.1
2016/6/1,21
2016/6/2,21.15
2016/6/3,21.25
2016/6/6,21.35
2016/6/7,21.6
2016/6/8,21.65
2016/6/10,21.4
2016/6/13,20.9
2016/6/14,20.799999
2016/6/15,20.799999
2016/6/16,20.450001
2016/6/17,20.6
2016/6/20,20.85
2016/6/21,21.049999
2016/6/22,21.299999
2016/6/23,21.35
2016/6/24,20.75
2016/6/27,20.700001
2016/6/28,20.700001
2016/6/29,21
2016/6/30,21.35
2016/7/4,21.65
2016/7/5,21.299999
2016/7/6,21.049999
2016/7/7,21.25
2016/7/8,21.15
2016/7/11,21.4
2016/7/12,21.799999
2016/7/13,21.9
2016/7/14,22.15
2016/7/15,22.299999
2016/7/18,22.35
2016/7/19,22.200001
2016/7/20,22.5
2016/7/21,22.549999
2016/7/22,22.5
2016/7/25,22.549999
2016/7/26,22.75
2016/7/27,22.65
2016/7/28,22.75
2016/7/29,22.450001
2016/8/1,22.75
2016/8/2,22.75
2016/8/3,22.299999
2016/8/4,22.4
2016/8/5,22.75
2016/8/8,23.049999
2016/8/9,23.049999
2016/8/10,23.049999
2016/8/11,23.15
2016/8/12,23.35
2016/8/15,23.6
2016/8/16,23.5
2016/8/17,23.4
2016/8/18,23.700001
2016/8/19,23.549999
2016/8/22,23.65
2016/8/23,23.65
2016/8/24,23.450001
2016/8/25,23.450001
2016/8/26,23.6
2016/8/29,23.5
2016/8/30,23.65
2016/8/31,23.65
2016/9/1,23.9
2016/9/2,23.9
2016/9/5,24.299999
2016/9/6,24.450001
2016/9/7,24.450001
2016/9/8,24.549999
2016/9/9,24.85
2016/9/12,24.049999
2016/9/13,24
2016/9/14,23.950001
2016/9/15,24.1
2016/9/19,24.25
2016/9/20,24.299999
2016/9/21,24.35
2016/9/22,24.5
2016/9/23,24.35
2016/9/26,24.1
2016/9/27,24.299999
2016/9/28,24.35
2016/9/29,24.5
2016/9/30,24
2016/10/3,24.299999
2016/10/4,24.4
2016/10/5,24.5
2016/10/6,24.700001
2016/10/7,24.6
2016/10/11,24.25
2016/10/12,24.15
2016/10/13,23.799999
2016/10/14,24
2016/10/17,23.799999
2016/10/18,24.15
2016/10/19,24.049999
2016/10/20,24.15
2016/10/21,24.15
2016/10/24,24.4
2016/10/25,24.35
2016/10/26,24.1
2016/10/27,23.9
2016/10/28,23.75
2016/10/31,23.1
2016/11/1,23.299999
2016/11/2,23
2016/11/3,22.9
2016/11/4,22.85
2016/11/7,23
2016/11/8,23.049999
2016/11/9,22.6
2016/11/10,23.049999
2016/11/11,22.700001
2016/11/14,22.4
2016/11/15,22.5
2016/11/16,22.5
2016/11/17,22.4
2016/11/18,22.450001
2016/11/21,22.549999
2016/11/22,22.9
2016/11/23,22.9
2016/11/24,22.75
2016/11/25,22.9
2016/11/28,23
2016/11/29,22.9
2016/11/30,23
2016/12/1,23.1
2016/12/2,22.75
2016/12/5,22.700001
2016/12/6,22.85
2016/12/7,23
2016/12/8,23
2016/12/9,22.950001
2016/12/12,22.549999
2016/12/13,22.6
2016/12/14,22.65
2016/12/15,22.200001
2016/12/16,22.200001
2016/12/19,22
2016/12/20,21.9
2016/12/21,22
2016/12/22,21.85
2016/12/23,21.75
2016/12/28,21.85
2016/12/29,21.950001
2016/12/30,22.1
2017/1/3,22.299999
2017/1/4,22.299999
2017/1/5,22.6
2017/1/6,22.65
2017/1/9,22.75
2017/1/10,22.85
2017/1/11,23.1
2017/1/12,23.049999
2017/1/13,23.1
2017/1/16,22.9
2017/1/17,23.049999
2017/1/18,23.25
2017/1/19,23.25
2017/1/20,23.1
2017/1/23,23.049999
2017/1/24,23.1
2017/1/25,23.200001
2017/1/26,23.549999
2017/1/27,23.549999
2017/2/1,23.5
2017/2/2,23.35
2017/2/3,23.25
2017/2/6,23.5
2017/2/7,23.5
2017/2/8,23.700001
2017/2/9,23.700001
2017/2/10,23.799999
2017/2/13,23.85
2017/2/14,23.9
2017/2/15,24.15
2017/2/16,24.299999
2017/2/17,24.25
2017/2/20,24.35
2017/2/21,24.200001
2017/2/22,24.35
2017/2/23,24.35
2017/2/24,24.299999
2017/2/27,24.25
2017/2/28,24.049999
2017/3/1,24.049999
2017/3/2,23.950001
2017/3/3,23.85
2017/3/6,23.85
2017/3/7,23.950001
2017/3/8,24
2017/3/9,23.799999
2017/3/10,23.85
2017/3/13,24.1
2017/3/14,24.1
2017/3/15,24.1
2017/3/16,24.549999
2017/3/17,24.6
2017/3/20,24.75
2017/3/21,24.85
2017/3/22,24.6
2017/3/23,24.6
2017/3/24,24.700001
2017/3/27,24.5
2017/3/28,24.65
2017/3/29,24.65
2017/3/30,24.6
2017/3/31,24.450001
2017/4/3,24.5
2017/4/5,24.65
2017/4/6,24.549999
2017/4/7,24.549999
2017/4/10,24.549999
2017/4/11,24.4
2017/4/12,24.6
2017/4/13,24.549999
2017/4/18,24.15
2017/4/19,24.15
2017/4/20,24.35
2017/4/21,24.299999
2017/4/24,24.450001
2017/4/25,24.75
2017/4/26,24.85
2017/4/27,24.85
2017/4/28,24.799999
2017/5/2,24.799999
2017/5/4,24.9
2017/5/5,24.65
2017/5/8,24.75
2017/5/9,25.049999
2017/5/10,25.15
2017/5/11,25.299999
2017/5/12,25.35
2017/5/15,25.6
2017/5/16,25.6
2017/5/17,25.6
2017/5/18,25.4
2017/5/19,25.450001
2017/5/22,25.65
2017/5/23,25.700001
2017/5/24,25.65
2017/5/25,25.85
2017/5/26,25.9
2017/5/29,26
2017/5/31,26
2017/6/1,26
2017/6/2,26.25
2017/6/5,26.200001
2017/6/6,26.299999
2017/6/7,26.299999
2017/6/8,26.4
2017/6/9,26.4
2017/6/12,26.15
2017/6/13,26.25
2017/6/14,26.25
2017/6/15,25.950001
2017/6/16,26
2017/6/19,26.299999
2017/6/20,26.200001
2017/6/21,26.049999
2017/6/22,26.15
2017/6/23,26.200001
2017/6/26,26.299999
2017/6/27,26.25
2017/6/28,26.200001
2017/6/29,26.35
2017/6/30,26.25
2017/7/3,26.25
2017/7/4,26
2017/7/5,26.1
2017/7/6,26.15
2017/7/7,26
2017/7/10,26.15
2017/7/11,26.549999
2017/7/12,26.700001
2017/7/13,27
2017/7/14,27.049999
2017/7/17,27.15
2017/7/18,27.15
2017/7/19,27.299999
2017/7/20,27.35
2017/7/21,27.4
2017/7/24,27.549999
2017/7/25,27.5
2017/7/26,27.6
2017/7/27,27.799999
2017/7/28,27.65
2017/7/31,27.9
2017/8/1,28.200001
2017/8/2,28.25
2017/8/3,28.25
2017/8/4,28.25
2017/8/7,28.35
2017/8/8,28.549999
2017/8/9,28.450001
2017/8/10,28.15
2017/8/11,27.65
2017/8/14,27.9
2017/8/15,27.85
2017/8/16,28.1
2017/8/17,28.049999
2017/8/18,27.75
2017/8/21,27.9
2017/8/22,28.15
2017/8/23,28.15
2017/8/24,28.200001
2017/8/25,28.549999
2017/8/28,28.65
2017/8/29,28.5
2017/8/30,28.85
2017/8/31,28.75
2017/9/1,28.75
2017/9/4,28.6
2017/9/5,28.6
2017/9/6,28.450001
2017/9/7,28.4
2017/9/8,28.549999
2017/9/11,28.85
2017/9/12,28.85
2017/9/13,28.75
2017/9/14,28.700001
2017/9/15,28.700001
2017/9/18,29
2017/9/19,28.950001
2017/9/20,29
2017/9/21,29
2017/9/22,28.75
2017/9/25,28.450001
2017/9/26,28.5
2017/9/27,28.6
2017/9/28,28.299999
2017/9/29,28.4
2017/10/3,29.049999
2017/10/4,29.25
2017/10/6,29.35
2017/10/9,29.25
2017/10/10,29.4
2017/10/11,29.25
2017/10/12,29.4
2017/10/13,29.4
2017/10/16,29.6
2017/10/17,29.65
2017/10/18,29.65
2017/10/19,29.15
2017/10/20,29.450001
2017/10/23,29.25
2017/10/24,29.15
2017/10/25,29.25
2017/10/26,29.15
2017/10/27,29.35
2017/10/30,29.299999
2017/10/31,28.450001
2017/11/1,28.75
2017/11/2,28.65
2017/11/3,28.799999
2017/11/6,28.799999
2017/11/7,29.200001
2017/11/8,29.15
2017/11/9,29.299999
2017/11/10,29.35
2017/11/13,29.4
2017/11/14,29.4
2017/11/15,29.1
2017/11/16,29.200001
2017/11/17,29.35
2017/11/20,29.35
2017/11/21,29.950001
2017/11/22,30.25
2017/11/23,29.9
2017/11/24,30.049999
2017/11/27,29.9
2017/11/28,29.85
2017/11/29,29.85
2017/11/30,29.450001
2017/12/1,29.299999
2017/12/4,29.35
2017/12/5,29.049999
2017/12/6,28.4
2017/12/7,28.5
2017/12/8,28.85
2017/12/11,29.15
2017/12/12,29
2017/12/13,29.450001
2017/12/14,29.299999
2017/12/15,29.049999
2017/12/18,29.25
2017/12/19,29.4
2017/12/20,29.450001
2017/12/21,29.549999
2017/12/22,29.700001
2017/12/27,29.799999
2017/12/28,30.049999
2017/12/29,30.049999
2018/1/2,30.65
2018/1/3,30.700001
2018/1/4,30.9
2018/1/5,30.950001
2018/1/8,31.049999
2018/1/9,31.200001
2018/1/10,31.25
2018/1/11,31.25
2018/1/12,31.5
2018/1/15,31.549999
2018/1/16,32.049999
2018/1/17,32.099998
2018/1/18,32.299999
2018/1/19,32.400002
2018/1/22,32.5
2018/1/23,33.099998
2018/1/24,33.150002
2018/1/25,32.900002
2018/1/26,33.349998
2018/1/29,33.150002
2018/1/30,32.849998
2018/1/31,33.099998
2018/2/1,32.849998
2018/2/2,32.799999
2018/2/5,32.400002
2018/2/6,30.85
2018/2/7,30.450001
2018/2/8,30.6
2018/2/9,29.65
2018/2/12,29.65
2018/2/13,30.1
2018/2/14,30.700001
2018/2/15,31.25
2018/2/20,31.049999
2018/2/21,31.65
2018/2/22,31.200001
2018/2/23,31.5
2018/2/26,31.799999
2018/2/27,31.549999
2018/2/28,31.1
2018/3/1,31.299999
2018/3/2,30.9
2018/3/5,30.200001
2018/3/6,30.799999
2018/3/7,30.5
2018/3/8,31
2018/3/9,31.299999
2018/3/12,31.85
2018/3/13,31.9
2018/3/14,31.799999
2018/3/15,31.85
2018/3/16,31.799999
2018/3/19,31.85
2018/3/20,31.9
2018/3/21,31.700001
2018/3/22,31.4
2018/3/23,30.549999
2018/3/26,30.9
2018/3/27,31.1
2018/3/28,30.35
2018/3/29,30.4
2018/4/3,30.549999
2018/4/4,29.75
2018/4/6,30.1
2018/4/9,30.6
2018/4/10,31.049999
2018/4/11,31.25
2018/4/12,31.200001
2018/4/13,31.15
2018/4/16,30.6
2018/4/17,30.35
2018/4/18,30.65
2018/4/19,31.1
2018/4/20,30.700001
2018/4/23,30.549999
2018/4/24,30.950001
2018/4/25,30.65
2018/4/26,30.35
2018/4/27,30.4
2018/4/30,31.049999
2018/5/2,30.85
2018/5/3,30.450001
2018/5/4,30.1
2018/5/7,30.200001
2018/5/8,30.65
2018/5/9,30.75
2018/5/10,31
2018/5/11,31.299999
2018/5/14,31.75
2018/5/15,31.450001
2018/5/16,31.35
2018/5/17,31.25
2018/5/18,31.35
2018/5/21,31.6
2018/5/23,31
2018/5/24,31.1
2018/5/25,31.049999
2018/5/28,31.200001
2018/5/29,30.9
2018/5/30,30.4
2018/5/31,30.950001
2018/6/1,30.950001
2018/6/4,31.4
2018/6/5,31.5
2018/6/6,31.700001
2018/6/7,31.950001
2018/6/8,31.35
2018/6/11,31.549999
2018/6/12,31.6
2018/6/13,31.200001
2018/6/14,30.950001
2018/6/15,30.75
2018/6/19,30
2018/6/20,30.25
2018/6/21,29.75
2018/6/22,29.85
2018/6/25,29.5
2018/6/26,29.4
2018/6/27,28.85
2018/6/28,29
2018/6/29,29.450001
2018/7/3,29.1
2018/7/4,28.75
2018/7/5,28.799999
2018/7/6,28.9
2018/7/9,29.450001
2018/7/10,29.4
2018/7/11,29
2018/7/12,29.200001
2018/7/13,29.25
2018/7/16,29.25
2018/7/17,28.950001
2018/7/18,28.799999
2018/7/19,28.700001
2018/7/20,28.950001
2018/7/23,29
2018/7/24,29.4
2018/7/25,29.700001
2018/7/26,29.450001
2018/7/27,29.450001
2018/7/30,29.4
2018/7/31,29.299999
2018/8/1,29
2018/8/2,28.4
2018/8/3,28.35
2018/8/6,28.549999
2018/8/7,28.950001
2018/8/8,29.049999
2018/8/9,29.299999
2018/8/10,29
2018/8/13,28.65
2018/8/14,28.5
2018/8/15,28
2018/8/16,27.9
2018/8/17,27.950001
2018/8/20,28.35
2018/8/21,28.5
2018/8/22,28.65
2018/8/23,28.450001
2018/8/24,28.4
2018/8/27,29.049999
2018/8/28,29.15
2018/8/29,29.200001
2018/8/30,28.950001
2018/8/31,28.65
2018/9/3,28.549999
2018/9/4,28.85
2018/9/5,28.049999
2018/9/6,27.9
2018/9/7,27.799999
2018/9/10,27.549999
2018/9/11,27.299999
2018/9/12,27.299999
2018/9/13,27.9
2018/9/14,28.15
2018/9/17,27.799999
2018/9/18,27.950001
2018/9/19,28.25
2018/9/20,28.35
2018/9/21,28.85
2018/9/24,28.35
2018/9/26,28.700001
2018/9/27,28.6
2018/9/28,28.65
2018/10/2,28
2018/10/3,27.950001
2018/10/4,27.549999
2018/10/5,27.5
2018/10/8,27.15
2018/10/9,27.1
2018/10/10,27.15
2018/10/11,26.15
2018/10/12,26.700001
2018/10/15,26.35
2018/10/16,26.4
2018/10/18,26.35
2018/10/19,26.5
2018/10/22,27.1
2018/10/23,26.299999
2018/10/24,26.25
2018/10/25,26
2018/10/26,25.65
2018/10/29,25.799999
2018/10/30,25.6
2018/10/31,25.049999
2018/11/1,25.5
2018/11/2,26.6
2018/11/5,26.049999
2018/11/6,26.25
2018/11/7,26.299999
2018/11/8,26.4
2018/11/9,25.75
2018/11/12,25.799999
2018/11/13,26
2018/11/14,25.85
2018/11/15,26.299999
2018/11/16,26.299999
2018/11/19,26.450001
2018/11/20,26.049999
2018/11/21,26.15
2018/11/22,26.200001
2018/11/23,26.15
2018/11/26,26.549999
2018/11/27,26.450001
2018/11/28,26.799999
2018/11/29,26.65
2018/11/30,26.700001
2018/12/3,27.4
2018/12/4,27.450001
2018/12/5,27
2018/12/6,26.35
2018/12/7,26.200001
2018/12/10,26
2018/12/11,25.950001
2018/12/12,26.5
2018/12/13,26.799999
2018/12/14,26.299999
2018/12/17,26.35
2018/12/18,26
2018/12/19,26.049999
2018/12/20,25.85
2018/12/21,25.950001
2018/12/24,25.950001
2018/12/27,25.6
2018/12/28,25.65
2018/12/31,26.049999
2019/1/2,25.25
2019/1/3,25.25
2019/1/4,25.799999
2019/1/7,26.049999
2019/1/8,26
2019/1/9,26.65
2019/1/10,26.75
2019/1/11,26.799999
2019/1/14,26.450001
2019/1/15,27
2019/1/16,27.1
2019/1/17,27
2019/1/18,27.25
2019/1/21,27.35
2019/1/22,27.15
2019/1/23,27.200001
2019/1/24,27.299999
2019/1/25,27.799999
2019/1/28,27.75
2019/1/29,27.700001
2019/1/30,27.799999
2019/1/31,28.15
2019/2/1,28.1
2019/2/4,28.15
2019/2/8,28.15
2019/2/11,28.35
2019/2/12,28.4
2019/2/13,28.700001
2019/2/14,28.65
2019/2/15,28.1
2019/2/18,28.6
2019/2/19,28.5
2019/2/20,28.75
2019/2/21,28.9
2019/2/22,29.1
2019/2/25,29.25
2019/2/26,29.049999
2019/2/27,29.049999
2019/2/28,28.9
2019/3/1,29.1
2019/3/4,29.200001
2019/3/5,29.25
2019/3/6,29.299999
2019/3/7,29
2019/3/8,28.5
2019/3/11,28.799999
2019/3/12,29.299999
2019/3/13,29.1
2019/3/14,29.200001
2019/3/15,29.4
2019/3/18,29.700001
2019/3/19,29.799999
2019/3/20,29.65
2019/3/21,29.4
2019/3/22,29.4
2019/3/25,28.85
2019/3/26,28.85
2019/3/27,29.1
2019/3/28,29.049999
2019/3/29,29.4
2019/4/1,29.9
2019/4/2,29.950001
2019/4/3,30.25
2019/4/4,30.299999
2019/4/8,30.4
2019/4/9,30.5
2019/4/10,30.450001
2019/4/11,30.15
2019/4/12,30.200001
2019/4/15,30.1
2019/4/16,30.450001
2019/4/17,30.450001
2019/4/18,30.25
2019/4/23,30.25
2019/4/24,30.1
2019/4/25,29.9
2019/4/26,29.9
2019/4/29,30.1
2019/4/30,29.85
2019/5/2,30.1
2019/5/3,30.25
2019/5/6,29.4
2019/5/7,29.5
2019/5/8,29.15
2019/5/9,28.5
2019/5/10,28.700001
2019/5/14,28.299999
2019/5/15,28.4
2019/5/16,28.450001
2019/5/17,28.200001
2019/5/20,28.049999
2019/5/21,28
2019/5/22,27.950001
2019/5/23,27.65
2019/5/24,27.75
2019/5/27,27.65
2019/5/28,27.75
2019/5/29,27.65
2019/5/30,27.549999
2019/5/31,27.35
2019/6/3,27.299999
2019/6/4,27.200001
2019/6/5,27.4
2019/6/6,27.4
2019/6/10,28.049999
2019/6/11,28.25
2019/6/12,27.799999
2019/6/13,27.799999
2019/6/14,27.6
2019/6/17,27.75
2019/6/18,null
2019/6/19,28.65
2019/6/20,29.1
2019/6/21,29
2019/6/24,29
2019/6/25,28.700001
2019/6/26,28.75
2019/6/27,29.200001
2019/6/28,29.1
2019/7/2,29.6
2019/7/3,29.549999
2019/7/4,29.549999
2019/7/5,29.5
2019/7/8,29
2019/7/9,28.799999
2019/7/10,28.9
2019/7/11,29.1
2019/7/12,29.200001
2019/7/15,29.25
2019/7/16,29.299999
2019/7/17,29.299999
2019/7/18,29.15
2019/7/19,29.450001
2019/7/22,29
2019/7/23,29.15
2019/7/24,29.200001
2019/7/25,29.299999
2019/7/26,29.049999
2019/7/29,28.799999
2019/7/30,28.85
2019/7/31,28.5
2019/8/1,28.299999
2019/8/2,27.6
2019/8/5,26.85
2019/8/6,26.75
2019/8/7,26.75
2019/8/8,26.85
2019/8/9,26.65
2019/8/12,26.5
2019/8/13,26
2019/8/14,25.950001
2019/8/15,26.200001
2019/8/16,26.5
2019/8/19,26.950001
2019/8/20,27
2019/8/21,27
2019/8/22,null
2019/8/23,26.9
2019/8/26,26.450001
2019/8/27,26.4
2019/8/28,26.35
2019/8/29,26.450001
2019/8/30,26.5
2019/9/2,26.4
2019/9/3,26.299999
2019/9/4,27.299999
2019/9/5,27.4
2019/9/6,27.450001
2019/9/9,27.549999
2019/9/10,27.549999
2019/9/11,27.950001
2019/9/12,27.950001
2019/9/13,28.200001
2019/9/16,27.950001
2019/9/17,27.65
2019/9/18,27.65
2019/9/19,27.35
2019/9/20,27.35
2019/9/23,27.1
2019/9/24,27.200001
2019/9/25,26.85
2019/9/26,26.9
2019/9/27,26.85
2019/9/30,26.950001
2019/10/2,26.9
2019/10/3,27
2019/10/4,26.700001
2019/10/8,26.799999
2019/10/9,26.6
2019/10/10,26.6
2019/10/11,27.299999
2019/10/14,27.450001
2019/10/15,27.4
2019/10/16,27.549999
2019/10/17,27.799999
2019/10/18,27.65
2019/10/21,27.6
2019/10/22,27.700001
2019/10/23,27.5
2019/10/24,27.65
2019/10/25,27.65
2019/10/28,27.799999
2019/10/29,27.75
2019/10/30,27.6
2019/10/31,27.049999
2019/11/1,27.299999
2019/11/4,27.75
2019/11/5,27.85
2019/11/6,27.85
2019/11/7,28
2019/11/8,27.799999
2019/11/11,27.1
2019/11/12,27.200001
2019/11/13,26.700001
2019/11/14,26.549999
2019/11/15,26.5
2019/11/18,26.799999
2019/11/19,27.25
2019/11/20,27.049999
2019/11/21,26.6
2019/11/22,26.75
2019/11/25,27.15
2019/11/26,27.1
2019/11/27,27.15
2019/11/28,27.049999
2019/11/29,26.5
2019/12/2,26.65
2019/12/3,26.549999
2019/12/4,26.25
2019/12/5,26.450001
2019/12/6,26.65
2019/12/9,26.700001
2019/12/10,26.6
2019/12/11,26.799999
2019/12/12,27.200001
2019/12/13,27.85
2019/12/16,27.700001
2019/12/17,28
2019/12/18,28.049999
2019/12/19,28
