PassengerId,Survived,Pclass,Sex,Age,SibSp,Parch,Fare,Cabin,Embarked,Title,FamilySize,AgeGroup,FareGroup
1,0,3,1,22,1,0,7.25,,1,1,2,2,1
2,1,1,2,38,1,0,71.2833,C85,2,2,2,2,2
3,1,3,2,26,0,0,7.925,,1,3,1,2,1
4,1,1,2,35,1,0,53.1,C123,1,2,2,2,2
5,0,3,1,35,0,0,8.05,,1,1,1,2,1
6,0,3,1,28,0,0,8.4583,,3,1,1,2,1
7,0,1,1,54,0,0,51.8625,E46,1,1,1,2,2
8,0,3,1,2,3,1,21.075,,1,4,5,1,1
9,1,3,2,27,0,2,11.1333,,1,2,3,2,1
10,1,2,2,14,1,0,30.0708,,2,2,2,1,2
11,1,3,2,4,1,1,16.7,G6,1,3,3,1,1
12,1,1,2,58,0,0,26.55,C103,1,3,1,2,1
13,0,3,1,20,0,0,8.05,,1,1,1,2,1
14,0,3,1,39,1,5,31.275,,1,1,7,2,2
15,0,3,2,14,0,0,7.8542,,1,3,1,1,1
16,1,2,2,55,0,0,16,,1,2,1,2,1
17,0,3,1,2,4,1,29.125,,3,4,6,1,1
18,1,2,1,28,0,0,13,,1,1,1,2,1
19,0,3,2,31,1,0,18,,1,2,2,2,1
20,1,3,2,28,0,0,7.225,,2,2,1,2,1
21,0,2,1,35,0,0,26,,1,1,1,2,1
22,1,2,1,34,0,0,13,D56,1,1,1,2,1
23,1,3,2,15,0,0,8.0292,,3,3,1,1,1
24,1,1,1,28,0,0,35.5,A6,1,1,1,2,2
25,0,3,2,8,3,1,21.075,,1,3,5,1,1
26,1,3,2,38,1,5,31.3875,,1,2,7,2,2
27,0,3,1,28,0,0,7.225,,2,1,1,2,1
28,0,1,1,19,3,2,263,C23 C25 C27,1,1,6,2,3
29,1,3,2,28,0,0,7.8792,,3,3,1,2,1
30,0,3,1,28,0,0,7.8958,,1,1,1,2,1
31,0,1,1,40,0,0,27.7208,,2,5,1,2,1
32,1,1,2,28,1,0,146.5208,B78,2,2,2,2,3
33,1,3,2,28,0,0,7.75,,3,3,1,2,1
34,0,2,1,66,0,0,10.5,,1,1,1,3,1
35,0,1,1,28,1,0,82.1708,,2,1,2,2,2
36,0,1,1,42,1,0,52,,1,1,2,2,2
37,1,3,1,28,0,0,7.2292,,2,1,1,2,1
38,0,3,1,21,0,0,8.05,,1,1,1,2,1
39,0,3,2,18,2,0,18,,1,3,3,2,1
40,1,3,2,14,1,0,11.2417,,2,3,2,1,1
41,0,3,2,40,1,0,9.475,,1,2,2,2,1
42,0,2,2,27,1,0,21,,1,2,2,2,1
43,0,3,1,28,0,0,7.8958,,2,1,1,2,1
44,1,2,2,3,1,2,41.5792,,2,3,4,1,2
45,1,3,2,19,0,0,7.8792,,3,3,1,2,1
46,0,3,1,28,0,0,8.05,,1,1,1,2,1
47,0,3,1,28,1,0,15.5,,3,1,2,2,1
48,1,3,2,28,0,0,7.75,,3,3,1,2,1
49,0,3,1,28,2,0,21.6792,,2,1,3,2,1
50,0,3,2,18,1,0,17.8,,1,2,2,2,1
51,0,3,1,7,4,1,39.6875,,1,4,6,1,2
52,0,3,1,21,0,0,7.8,,1,1,1,2,1
53,1,1,2,49,1,0,76.7292,D33,2,2,2,2,2
54,1,2,2,29,1,0,26,,1,2,2,2,1
55,0,1,1,65,0,1,61.9792,B30,2,1,2,3,2
56,1,1,1,28,0,0,35.5,C52,1,1,1,2,2
57,1,2,2,21,0,0,10.5,,1,3,1,2,1
58,0,3,1,28.5,0,0,7.2292,,2,1,1,2,1
59,1,2,2,5,1,2,27.75,,1,3,4,1,1
60,0,3,1,11,5,2,46.9,,1,4,8,1,2
61,0,3,1,22,0,0,7.2292,,2,1,1,2,1
62,1,1,2,38,0,0,80,B28,2,3,1,2,2
63,0,1,1,45,1,0,83.475,C83,1,1,2,2,2
64,0,3,1,4,3,2,27.9,,1,4,6,1,1
65,0,1,1,28,0,0,27.7208,,2,1,1,2,1
66,1,3,1,28,1,1,15.2458,,2,4,3,2,1
67,1,2,2,29,0,0,10.5,F33,1,2,1,2,1
68,0,3,1,19,0,0,8.1583,,1,1,1,2,1
69,1,3,2,17,4,2,7.925,,1,3,7,2,1
70,0,3,1,26,2,0,8.6625,,1,1,3,2,1
71,0,2,1,32,0,0,10.5,,1,1,1,2,1
72,0,3,2,16,5,2,46.9,,1,3,8,2,2
73,0,2,1,21,0,0,73.5,,1,1,1,2,2
74,0,3,1,26,1,0,14.4542,,2,1,2,2,1
75,1,3,1,32,0,0,56.4958,,1,1,1,2,2
76,0,3,1,25,0,0,7.65,F G73,1,1,1,2,1
77,0,3,1,28,0,0,7.8958,,1,1,1,2,1
78,0,3,1,28,0,0,8.05,,1,1,1,2,1
79,1,2,1,0.83,0,2,29,,1,4,3,1,1
80,1,3,2,30,0,0,12.475,,1,3,1,2,1
81,0,3,1,22,0,0,9,,1,1,1,2,1
82,1,3,1,29,0,0,9.5,,1,1,1,2,1
83,1,3,2,28,0,0,7.7875,,3,3,1,2,1
84,0,1,1,28,0,0,47.1,,1,1,1,2,2
85,1,2,2,17,0,0,10.5,,1,3,1,2,1
86,1,3,2,33,3,0,15.85,,1,2,4,2,1
87,0,3,1,16,1,3,34.375,,1,1,5,2,2
88,0,3,1,28,0,0,8.05,,1,1,1,2,1
89,1,1,2,23,3,2,263,C23 C25 C27,1,3,6,2,3
90,0,3,1,24,0,0,8.05,,1,1,1,2,1
91,0,3,1,29,0,0,8.05,,1,1,1,2,1
92,0,3,1,20,0,0,7.8542,,1,1,1,2,1
93,0,1,1,46,1,0,61.175,E31,1,1,2,2,2
94,0,3,1,26,1,2,20.575,,1,1,4,2,1
95,0,3,1,59,0,0,7.25,,1,1,1,2,1
96,0,3,1,28,0,0,8.05,,1,1,1,2,1
97,0,1,1,71,0,0,34.6542,A5,2,1,1,3,2
98,1,1,1,23,0,1,63.3583,D10 D12,2,1,2,2,2
99,1,2,2,34,0,1,23,,1,2,2,2,1
100,0,2,1,34,1,0,26,,1,1,2,2,1
101,0,3,2,28,0,0,7.8958,,1,3,1,2,1
102,0,3,1,28,0,0,7.8958,,1,1,1,2,1
103,0,1,1,21,0,1,77.2875,D26,1,1,2,2,2
104,0,3,1,33,0,0,8.6542,,1,1,1,2,1
105,0,3,1,37,2,0,7.925,,1,1,3,2,1
106,0,3,1,28,0,0,7.8958,,1,1,1,2,1
107,1,3,2,21,0,0,7.65,,1,3,1,2,1
108,1,3,1,28,0,0,7.775,,1,1,1,2,1
109,0,3,1,38,0,0,7.8958,,1,1,1,2,1
110,1,3,2,28,1,0,24.15,,3,3,2,2,1
111,0,1,1,47,0,0,52,C110,1,1,1,2,2
112,0,3,2,14.5,1,0,14.4542,,2,3,2,1,1
113,0,3,1,22,0,0,8.05,,1,1,1,2,1
114,0,3,2,20,1,0,9.825,,1,3,2,2,1
115,0,3,2,17,0,0,14.4583,,2,3,1,2,1
116,0,3,1,21,0,0,7.925,,1,1,1,2,1
117,0,3,1,70.5,0,0,7.75,,3,1,1,3,1
118,0,2,1,29,1,0,21,,1,1,2,2,1
119,0,1,1,24,0,1,247.5208,B58 B60,2,1,2,2,3
120,0,3,2,2,4,2,31.275,,1,3,7,1,2
121,0,2,1,21,2,0,73.5,,1,1,3,2,2
122,0,3,1,28,0,0,8.05,,1,1,1,2,1
123,0,2,1,32.5,1,0,30.0708,,2,1,2,2,2
124,1,2,2,32.5,0,0,13,E101,1,3,1,2,1
125,0,1,1,54,0,1,77.2875,D26,1,1,2,2,2
126,1,3,1,12,1,0,11.2417,,2,4,2,1,1
127,0,3,1,28,0,0,7.75,,3,1,1,2,1
128,1,3,1,24,0,0,7.1417,,1,1,1,2,1
129,1,3,2,28,1,1,22.3583,F E69,2,3,3,2,1
130,0,3,1,45,0,0,6.975,,1,1,1,2,1
131,0,3,1,33,0,0,7.8958,,2,1,1,2,1
132,0,3,1,20,0,0,7.05,,1,1,1,2,1
133,0,3,2,47,1,0,14.5,,1,2,2,2,1
134,1,2,2,29,1,0,26,,1,2,2,2,1
135,0,2,1,25,0,0,13,,1,1,1,2,1
136,0,2,1,23,0,0,15.0458,,2,1,1,2,1
137,1,1,2,19,0,2,26.2833,D47,1,3,3,2,1
138,0,1,1,37,1,0,53.1,C123,1,1,2,2,2
139,0,3,1,16,0,0,9.2167,,1,1,1,2,1
140,0,1,1,24,0,0,79.2,B86,2,1,1,2,2
141,0,3,2,28,0,2,15.2458,,2,2,3,2,1
142,1,3,2,22,0,0,7.75,,1,3,1,2,1
143,1,3,2,24,1,0,15.85,,1,2,2,2,1
144,0,3,1,19,0,0,6.75,,3,1,1,2,1
145,0,2,1,18,0,0,11.5,,1,1,1,2,1
146,0,2,1,19,1,1,36.75,,1,1,3,2,2
147,1,3,1,27,0,0,7.7958,,1,1,1,2,1
148,0,3,2,9,2,2,34.375,,1,3,5,1,2
149,0,2,1,36.5,0,2,26,F2,1,1,3,2,1
150,0,2,1,42,0,0,13,,1,Rev,1,2,1
151,0,2,1,51,0,0,12.525,,1,Rev,1,2,1
152,1,1,2,22,1,0,66.6,C2,1,2,2,2,2
153,0,3,1,55.5,0,0,8.05,,1,1,1,2,1
154,0,3,1,40.5,0,2,14.5,,1,1,3,2,1
155,0,3,1,28,0,0,7.3125,,1,1,1,2,1
156,0,1,1,51,0,1,61.3792,,2,1,2,2,2
157,1,3,2,16,0,0,7.7333,,3,3,1,2,1
158,0,3,1,30,0,0,8.05,,1,1,1,2,1
159,0,3,1,28,0,0,8.6625,,1,1,1,2,1
160,0,3,1,28,8,2,69.55,,1,4,11,2,2
161,0,3,1,44,0,1,16.1,,1,1,2,2,1
162,1,2,2,40,0,0,15.75,,1,2,1,2,1
163,0,3,1,26,0,0,7.775,,1,1,1,2,1
164,0,3,1,17,0,0,8.6625,,1,1,1,2,1
165,0,3,1,1,4,1,39.6875,,1,4,6,1,2
166,1,3,1,9,0,2,20.525,,1,4,3,1,1
167,1,1,2,28,0,1,55,E33,1,2,2,2,2
168,0,3,2,45,1,4,27.9,,1,2,6,2,1
169,0,1,1,28,0,0,25.925,,1,1,1,2,1
170,0,3,1,28,0,0,56.4958,,1,1,1,2,2
171,0,1,1,61,0,0,33.5,B19,1,1,1,3,2
172,0,3,1,4,4,1,29.125,,3,4,6,1,1
173,1,3,2,1,1,1,11.1333,,1,3,3,1,1
174,0,3,1,21,0,0,7.925,,1,1,1,2,1
175,0,1,1,56,0,0,30.6958,A7,2,1,1,2,2
176,0,3,1,18,1,1,7.8542,,1,1,3,2,1
177,0,3,1,28,3,1,25.4667,,1,4,5,2,1
178,0,1,2,50,0,0,28.7125,C49,2,3,1,2,1
179,0,2,1,30,0,0,13,,1,1,1,2,1
180,0,3,1,36,0,0,0,,1,1,1,2,0
181,0,3,2,28,8,2,69.55,,1,3,11,2,2
182,0,2,1,28,0,0,15.05,,2,1,1,2,1
183,0,3,1,9,4,2,31.3875,,1,4,7,1,2
184,1,2,1,1,2,1,39,F4,1,4,4,1,2
185,1,3,2,4,0,2,22.025,,1,3,3,1,1
186,0,1,1,28,0,0,50,A32,1,1,1,2,2
187,1,3,2,28,1,0,15.5,,3,2,2,2,1
188,1,1,1,45,0,0,26.55,,1,1,1,2,1
189,0,3,1,40,1,1,15.5,,3,1,3,2,1
190,0,3,1,36,0,0,7.8958,,1,1,1,2,1
191,1,2,2,32,0,0,13,,1,2,1,2,1
192,0,2,1,19,0,0,13,,1,1,1,2,1
193,1,3,2,19,1,0,7.8542,,1,3,2,2,1
194,1,2,1,3,1,1,26,F2,1,4,3,1,1
195,1,1,2,44,0,0,27.7208,B4,2,2,1,2,1
196,1,1,2,58,0,0,146.5208,B80,2,3,1,2,3
197,0,3,1,28,0,0,7.75,,3,1,1,2,1
198,0,3,1,42,0,1,8.4042,,1,1,2,2,1
199,1,3,2,28,0,0,7.75,,3,3,1,2,1
200,0,2,2,24,0,0,13,,1,3,1,2,1
201,0,3,1,28,0,0,9.5,,1,1,1,2,1
202,0,3,1,28,8,2,69.55,,1,1,11,2,2
203,0,3,1,34,0,0,6.4958,,1,1,1,2,1
204,0,3,1,45.5,0,0,7.225,,2,1,1,2,1
205,1,3,1,18,0,0,8.05,,1,1,1,2,1
206,0,3,2,2,0,1,10.4625,G6,1,3,2,1,1
207,0,3,1,32,1,0,15.85,,1,1,2,2,1
208,1,3,1,26,0,0,18.7875,,2,1,1,2,1
209,1,3,2,16,0,0,7.75,,3,3,1,2,1
210,1,1,1,40,0,0,31,A31,2,1,1,2,2
211,0,3,1,24,0,0,7.05,,1,1,1,2,1
212,1,2,2,35,0,0,21,,1,3,1,2,1
213,0,3,1,22,0,0,7.25,,1,1,1,2,1
214,0,2,1,30,0,0,13,,1,1,1,2,1
215,0,3,1,28,1,0,7.75,,3,1,2,2,1
216,1,1,2,31,1,0,113.275,D36,2,3,2,2,3
217,1,3,2,27,0,0,7.925,,1,3,1,2,1
218,0,2,1,42,1,0,27,,1,1,2,2,1
219,1,1,2,32,0,0,76.2917,D15,2,3,1,2,2
220,0,2,1,30,0,0,10.5,,1,1,1,2,1
221,1,3,1,16,0,0,8.05,,1,1,1,2,1
222,0,2,1,27,0,0,13,,1,1,1,2,1
223,0,3,1,51,0,0,8.05,,1,1,1,2,1
224,0,3,1,28,0,0,7.8958,,1,1,1,2,1
225,1,1,1,38,1,0,90,C93,1,1,2,2,2
226,0,3,1,22,0,0,9.35,,1,1,1,2,1
227,1,2,1,19,0,0,10.5,,1,1,1,2,1
228,0,3,1,20.5,0,0,7.25,,1,1,1,2,1
229,0,2,1,18,0,0,13,,1,1,1,2,1
230,0,3,2,28,3,1,25.4667,,1,3,5,2,1
231,1,1,2,35,1,0,83.475,C83,1,2,2,2,2
232,0,3,1,29,0,0,7.775,,1,1,1,2,1
233,0,2,1,59,0,0,13.5,,1,1,1,2,1
234,1,3,2,5,4,2,31.3875,,1,3,7,1,2
235,0,2,1,24,0,0,10.5,,1,1,1,2,1
236,0,3,2,28,0,0,7.55,,1,3,1,2,1
237,0,2,1,44,1,0,26,,1,1,2,2,1
238,1,2,2,8,0,2,26.25,,1,3,3,1,1
239,0,2,1,19,0,0,10.5,,1,1,1,2,1
240,0,2,1,33,0,0,12.275,,1,1,1,2,1
241,0,3,2,28,1,0,14.4542,,2,3,2,2,1
242,1,3,2,28,1,0,15.5,,3,3,2,2,1
243,0,2,1,29,0,0,10.5,,1,1,1,2,1
244,0,3,1,22,0,0,7.125,,1,1,1,2,1
245,0,3,1,30,0,0,7.225,,2,1,1,2,1
246,0,1,1,44,2,0,90,C78,3,Dr,3,2,2
247,0,3,2,25,0,0,7.775,,1,3,1,2,1
248,1,2,2,24,0,2,14.5,,1,2,3,2,1
249,1,1,1,37,1,1,52.5542,D35,1,1,3,2,2
250,0,2,1,54,1,0,26,,1,Rev,2,2,1
251,0,3,1,28,0,0,7.25,,1,1,1,2,1
252,0,3,2,29,1,1,10.4625,G6,1,2,3,2,1
253,0,1,1,62,0,0,26.55,C87,1,1,1,3,1
254,0,3,1,30,1,0,16.1,,1,1,2,2,1
255,0,3,2,41,0,2,20.2125,,1,2,3,2,1
256,1,3,2,29,0,2,15.2458,,2,2,3,2,1
257,1,1,2,28,0,0,79.2,,2,2,1,2,2
258,1,1,2,30,0,0,86.5,B77,1,3,1,2,2
259,1,1,2,35,0,0,512.3292,,2,3,1,2,3
260,1,2,2,50,0,1,26,,1,2,2,2,1
261,0,3,1,28,0,0,7.75,,3,1,1,2,1
262,1,3,1,3,4,2,31.3875,,1,4,7,1,2
263,0,1,1,52,1,1,79.65,E67,1,1,3,2,2
264,0,1,1,40,0,0,0,B94,1,1,1,2,0
265,0,3,2,28,0,0,7.75,,3,3,1,2,1
266,0,2,1,36,0,0,10.5,,1,1,1,2,1
267,0,3,1,16,4,1,39.6875,,1,1,6,2,2
268,1,3,1,25,1,0,7.775,,1,1,2,2,1
269,1,1,2,58,0,1,153.4625,C125,1,2,2,2,3
270,1,1,2,35,0,0,135.6333,C99,1,3,1,2,3
271,0,1,1,28,0,0,31,,1,1,1,2,2
272,1,3,1,25,0,0,0,,1,1,1,2,0
273,1,2,2,41,0,1,19.5,,1,2,2,2,1
274,0,1,1,37,0,1,29.7,C118,2,1,2,2,1
275,1,3,2,28,0,0,7.75,,3,3,1,2,1
276,1,1,2,63,1,0,77.9583,D7,1,3,2,3,2
277,0,3,2,45,0,0,7.75,,1,3,1,2,1
278,0,2,1,28,0,0,0,,1,1,1,2,0
279,0,3,1,7,4,1,29.125,,3,4,6,1,1
280,1,3,2,35,1,1,20.25,,1,2,3,2,1
281,0,3,1,65,0,0,7.75,,3,1,1,3,1
282,0,3,1,28,0,0,7.8542,,1,1,1,2,1
283,0,3,1,16,0,0,9.5,,1,1,1,2,1
284,1,3,1,19,0,0,8.05,,1,1,1,2,1
285,0,1,1,28,0,0,26,A19,1,1,1,2,1
286,0,3,1,33,0,0,8.6625,,2,1,1,2,1
287,1,3,1,30,0,0,9.5,,1,1,1,2,1
288,0,3,1,22,0,0,7.8958,,1,1,1,2,1
289,1,2,1,42,0,0,13,,1,1,1,2,1
290,1,3,2,22,0,0,7.75,,3,3,1,2,1
291,1,1,2,26,0,0,78.85,,1,3,1,2,2
292,1,1,2,19,1,0,91.0792,B49,2,2,2,2,2
293,0,2,1,36,0,0,12.875,D,2,1,1,2,1
294,0,3,2,24,0,0,8.85,,1,3,1,2,1
295,0,3,1,24,0,0,7.8958,,1,1,1,2,1
296,0,1,1,28,0,0,27.7208,,2,1,1,2,1
297,0,3,1,23.5,0,0,7.2292,,2,1,1,2,1
298,0,1,2,2,1,2,151.55,C22 C26,1,3,4,1,3
299,1,1,1,28,0,0,30.5,C106,1,1,1,2,2
300,1,1,2,50,0,1,247.5208,B58 B60,2,2,2,2,3
301,1,3,2,28,0,0,7.75,,3,3,1,2,1
302,1,3,1,28,2,0,23.25,,3,1,3,2,1
303,0,3,1,19,0,0,0,,1,1,1,2,0
304,1,2,2,28,0,0,12.35,E101,3,3,1,2,1
305,0,3,1,28,0,0,8.05,,1,1,1,2,1
306,1,1,1,0.92,1,2,151.55,C22 C26,1,4,4,1,3
307,1,1,2,28,0,0,110.8833,,2,3,1,2,3
308,1,1,2,17,1,0,108.9,C65,2,2,2,2,3
309,0,2,1,30,1,0,24,,2,1,2,2,1
310,1,1,2,30,0,0,56.9292,E36,2,3,1,2,2
311,1,1,2,24,0,0,83.1583,C54,2,3,1,2,2
312,1,1,2,18,2,2,262.375,B57 B59 B63 B66,2,3,5,2,3
313,0,2,2,26,1,1,26,,1,2,3,2,1
314,0,3,1,28,0,0,7.8958,,1,1,1,2,1
315,0,2,1,43,1,1,26.25,,1,1,3,2,1
316,1,3,2,26,0,0,7.8542,,1,3,1,2,1
317,1,2,2,24,1,0,26,,1,2,2,2,1
318,0,2,1,54,0,0,14,,1,Dr,1,2,1
319,1,1,2,31,0,2,164.8667,C7,1,3,3,2,3
320,1,1,2,40,1,1,134.5,E34,2,2,3,2,3
321,0,3,1,22,0,0,7.25,,1,1,1,2,1
322,0,3,1,27,0,0,7.8958,,1,1,1,2,1
323,1,2,2,30,0,0,12.35,,3,3,1,2,1
324,1,2,2,22,1,1,29,,1,2,3,2,1
325,0,3,1,28,8,2,69.55,,1,1,11,2,2
326,1,1,2,36,0,0,135.6333,C32,2,3,1,2,3
327,0,3,1,61,0,0,6.2375,,1,1,1,3,1
328,1,2,2,36,0,0,13,D,1,2,1,2,1
329,1,3,2,31,1,1,20.525,,1,2,3,2,1
330,1,1,2,16,0,1,57.9792,B18,2,3,2,2,2
331,1,3,2,28,2,0,23.25,,3,3,3,2,1
332,0,1,1,45.5,0,0,28.5,C124,1,1,1,2,1
333,0,1,1,38,0,1,153.4625,C91,1,1,2,2,3
334,0,3,1,16,2,0,18,,1,1,3,2,1
335,1,1,2,28,1,0,133.65,,1,2,2,2,3
336,0,3,1,28,0,0,7.8958,,1,1,1,2,1
337,0,1,1,29,1,0,66.6,C2,1,1,2,2,2
338,1,1,2,41,0,0,134.5,E40,2,3,1,2,3
339,1,3,1,45,0,0,8.05,,1,1,1,2,1
340,0,1,1,45,0,0,35.5,T,1,1,1,2,2
341,1,2,1,2,1,1,26,F2,1,4,3,1,1
342,1,1,2,24,3,2,263,C23 C25 C27,1,3,6,2,3
343,0,2,1,28,0,0,13,,1,1,1,2,1
344,0,2,1,25,0,0,13,,1,1,1,2,1
345,0,2,1,36,0,0,13,,1,1,1,2,1
346,1,2,2,24,0,0,13,F33,1,3,1,2,1
347,1,2,2,40,0,0,13,,1,3,1,2,1
348,1,3,2,28,1,0,16.1,,1,2,2,2,1
349,1,3,1,3,1,1,15.9,,1,4,3,1,1
350,0,3,1,42,0,0,8.6625,,1,1,1,2,1
351,0,3,1,23,0,0,9.225,,1,1,1,2,1
352,0,1,1,28,0,0,35,C128,1,1,1,2,2
353,0,3,1,15,1,1,7.2292,,2,1,3,1,1
354,0,3,1,25,1,0,17.8,,1,1,2,2,1
355,0,3,1,28,0,0,7.225,,2,1,1,2,1
356,0,3,1,28,0,0,9.5,,1,1,1,2,1
357,1,1,2,22,0,1,55,E33,1,3,2,2,2
358,0,2,2,38,0,0,13,,1,3,1,2,1
359,1,3,2,28,0,0,7.8792,,3,3,1,2,1
360,1,3,2,28,0,0,7.8792,,3,3,1,2,1
361,0,3,1,40,1,4,27.9,,1,1,6,2,1
362,0,2,1,29,1,0,27.7208,,2,1,2,2,1
363,0,3,2,45,0,1,14.4542,,2,2,2,2,1
364,0,3,1,35,0,0,7.05,,1,1,1,2,1
365,0,3,1,28,1,0,15.5,,3,1,2,2,1
366,0,3,1,30,0,0,7.25,,1,1,1,2,1
367,1,1,2,60,1,0,75.25,D37,2,2,2,2,2
368,1,3,2,28,0,0,7.2292,,2,2,1,2,1
369,1,3,2,28,0,0,7.75,,3,3,1,2,1
370,1,1,2,24,0,0,69.3,B35,2,5,1,2,2
371,1,1,1,25,1,0,55.4417,E50,2,1,2,2,2
372,0,3,1,18,1,0,6.4958,,1,1,2,2,1
373,0,3,1,19,0,0,8.05,,1,1,1,2,1
374,0,1,1,22,0,0,135.6333,,2,1,1,2,3
375,0,3,2,3,3,1,21.075,,1,3,5,1,1
376,1,1,2,28,1,0,82.1708,,2,2,2,2,2
377,1,3,2,22,0,0,7.25,,1,3,1,2,1
378,0,1,1,27,0,2,211.5,C82,2,1,3,2,3
379,0,3,1,20,0,0,4.0125,,2,1,1,2,1
380,0,3,1,19,0,0,7.775,,1,1,1,2,1
381,1,1,2,42,0,0,227.525,,2,3,1,2,3
382,1,3,2,1,0,2,15.7417,,2,3,3,1,1
383,0,3,1,32,0,0,7.925,,1,1,1,2,1
384,1,1,2,35,1,0,52,,1,2,2,2,2
385,0,3,1,28,0,0,7.8958,,1,1,1,2,1
386,0,2,1,18,0,0,73.5,,1,1,1,2,2
387,0,3,1,1,5,2,46.9,,1,4,8,1,2
388,1,2,2,36,0,0,13,,1,3,1,2,1
389,0,3,1,28,0,0,7.7292,,3,1,1,2,1
390,1,2,2,17,0,0,12,,2,3,1,2,1
391,1,1,1,36,1,2,120,B96 B98,1,1,4,2,3
392,1,3,1,21,0,0,7.7958,,1,1,1,2,1
393,0,3,1,28,2,0,7.925,,1,1,3,2,1
394,1,1,2,23,1,0,113.275,D36,2,3,2,2,3
395,1,3,2,24,0,2,16.7,G6,1,2,3,2,1
396,0,3,1,22,0,0,7.7958,,1,1,1,2,1
397,0,3,2,31,0,0,7.8542,,1,3,1,2,1
398,0,2,1,46,0,0,26,,1,1,1,2,1
399,0,2,1,23,0,0,10.5,,1,Dr,1,2,1
400,1,2,2,28,0,0,12.65,,1,2,1,2,1
401,1,3,1,39,0,0,7.925,,1,1,1,2,1
402,0,3,1,26,0,0,8.05,,1,1,1,2,1
403,0,3,2,21,1,0,9.825,,1,3,2,2,1
404,0,3,1,28,1,0,15.85,,1,1,2,2,1
405,0,3,2,20,0,0,8.6625,,1,3,1,2,1
406,0,2,1,34,1,0,21,,1,1,2,2,1
407,0,3,1,51,0,0,7.75,,1,1,1,2,1
408,1,2,1,3,1,1,18.75,,1,4,3,1,1
409,0,3,1,21,0,0,7.775,,1,1,1,2,1
410,0,3,2,28,3,1,25.4667,,1,3,5,2,1
411,0,3,1,28,0,0,7.8958,,1,1,1,2,1
412,0,3,1,28,0,0,6.8583,,3,1,1,2,1
413,1,1,2,33,1,0,90,C78,3,3,2,2,2
414,0,2,1,28,0,0,0,,1,1,1,2,0
415,1,3,1,44,0,0,7.925,,1,1,1,2,1
416,0,3,2,28,0,0,8.05,,1,2,1,2,1
417,1,2,2,34,1,1,32.5,,1,2,3,2,2
418,1,2,2,18,0,2,13,,1,3,3,2,1
419,0,2,1,30,0,0,13,,1,1,1,2,1
420,0,3,2,10,0,2,24.15,,1,3,3,1,1
421,0,3,1,28,0,0,7.8958,,2,1,1,2,1
422,0,3,1,21,0,0,7.7333,,3,1,1,2,1
423,0,3,1,29,0,0,7.875,,1,1,1,2,1
424,0,3,2,28,1,1,14.4,,1,2,3,2,1
425,0,3,1,18,1,1,20.2125,,1,1,3,2,1
426,0,3,1,28,0,0,7.25,,1,1,1,2,1
427,1,2,2,28,1,0,26,,1,2,2,2,1
428,1,2,2,19,0,0,26,,1,3,1,2,1
429,0,3,1,28,0,0,7.75,,3,1,1,2,1
430,1,3,1,32,0,0,8.05,E10,1,1,1,2,1
431,1,1,1,28,0,0,26.55,C52,1,1,1,2,1
432,1,3,2,28,1,0,16.1,,1,2,2,2,1
433,1,2,2,42,1,0,26,,1,2,2,2,1
434,0,3,1,17,0,0,7.125,,1,1,1,2,1
435,0,1,1,50,1,0,55.9,E44,1,1,2,2,2
436,1,1,2,14,1,2,120,B96 B98,1,3,4,1,3
437,0,3,2,21,2,2,34.375,,1,3,5,2,2
438,1,2,2,24,2,3,18.75,,1,2,6,2,1
439,0,1,1,64,1,4,263,C23 C25 C27,1,1,6,3,3
440,0,2,1,31,0,0,10.5,,1,1,1,2,1
441,1,2,2,45,1,1,26.25,,1,2,3,2,1
442,0,3,1,20,0,0,9.5,,1,1,1,2,1
443,0,3,1,25,1,0,7.775,,1,1,2,2,1
444,1,2,2,28,0,0,13,,1,5,1,2,1
445,1,3,1,28,0,0,8.1125,,1,1,1,2,1
446,1,1,1,4,0,2,81.8583,A34,1,4,3,1,2
447,1,2,2,13,0,1,19.5,,1,3,2,1,1
448,1,1,1,34,0,0,26.55,,1,1,1,2,1
449,1,3,2,5,2,1,19.2583,,2,3,4,1,1
450,1,1,1,52,0,0,30.5,C104,1,5,1,2,2
451,0,2,1,36,1,2,27.75,,1,1,4,2,1
452,0,3,1,28,1,0,19.9667,,1,1,2,2,1
453,0,1,1,30,0,0,27.75,C111,2,1,1,2,1
454,1,1,1,49,1,0,89.1042,C92,2,1,2,2,2
455,0,3,1,28,0,0,8.05,,1,1,1,2,1
456,1,3,1,29,0,0,7.8958,,2,1,1,2,1
457,0,1,1,65,0,0,26.55,E38,1,1,1,3,1
458,1,1,2,28,1,0,51.8625,D21,1,2,2,2,2
459,1,2,2,50,0,0,10.5,,1,3,1,2,1
460,0,3,1,28,0,0,7.75,,3,1,1,2,1
461,1,1,1,48,0,0,26.55,E12,1,1,1,2,1
462,0,3,1,34,0,0,8.05,,1,1,1,2,1
463,0,1,1,47,0,0,38.5,E63,1,1,1,2,2
464,0,2,1,48,0,0,13,,1,1,1,2,1
465,0,3,1,28,0,0,8.05,,1,1,1,2,1
466,0,3,1,38,0,0,7.05,,1,1,1,2,1
467,0,2,1,28,0,0,0,,1,1,1,2,0
468,0,1,1,56,0,0,26.55,,1,1,1,2,1
469,0,3,1,28,0,0,7.725,,3,1,1,2,1
470,1,3,2,0.75,2,1,19.2583,,2,3,4,1,1
471,0,3,1,28,0,0,7.25,,1,1,1,2,1
472,0,3,1,38,0,0,8.6625,,1,1,1,2,1
473,1,2,2,33,1,2,27.75,,1,2,4,2,1
474,1,2,2,23,0,0,13.7917,D,2,2,1,2,1
475,0,3,2,22,0,0,9.8375,,1,3,1,2,1
476,0,1,1,28,0,0,52,A14,1,1,1,2,2
477,0,2,1,34,1,0,21,,1,1,2,2,1
478,0,3,1,29,1,0,7.0458,,1,1,2,2,1
479,0,3,1,22,0,0,7.5208,,1,1,1,2,1
480,1,3,2,2,0,1,12.2875,,1,3,2,1,1
481,0,3,1,9,5,2,46.9,,1,4,8,1,2
482,0,2,1,28,0,0,0,,1,1,1,2,0
483,0,3,1,50,0,0,8.05,,1,1,1,2,1
484,1,3,2,63,0,0,9.5875,,1,2,1,3,1
485,1,1,1,25,1,0,91.0792,B49,2,1,2,2,2
486,0,3,2,28,3,1,25.4667,,1,3,5,2,1
487,1,1,2,35,1,0,90,C93,1,2,2,2,2
488,0,1,1,58,0,0,29.7,B37,2,1,1,2,1
489,0,3,1,30,0,0,8.05,,1,1,1,2,1
490,1,3,1,9,1,1,15.9,,1,4,3,1,1
491,0,3,1,28,1,0,19.9667,,1,1,2,2,1
492,0,3,1,21,0,0,7.25,,1,1,1,2,1
493,0,1,1,55,0,0,30.5,C30,1,1,1,2,2
494,0,1,1,71,0,0,49.5042,,2,1,1,3,2
495,0,3,1,21,0,0,8.05,,1,1,1,2,1
496,0,3,1,28,0,0,14.4583,,2,1,1,2,1
497,1,1,2,54,1,0,78.2667,D20,2,3,2,2,2
498,0,3,1,28,0,0,15.1,,1,1,1,2,1
499,0,1,2,25,1,2,151.55,C22 C26,1,2,4,2,3
500,0,3,1,24,0,0,7.7958,,1,1,1,2,1
501,0,3,1,17,0,0,8.6625,,1,1,1,2,1
502,0,3,2,21,0,0,7.75,,3,3,1,2,1
503,0,3,2,28,0,0,7.6292,,3,3,1,2,1
504,0,3,2,37,0,0,9.5875,,1,3,1,2,1
505,1,1,2,16,0,0,86.5,B79,1,3,1,2,2
506,0,1,1,18,1,0,108.9,C65,2,1,2,2,3
507,1,2,2,33,0,2,26,,1,2,3,2,1
508,1,1,1,28,0,0,26.55,,1,1,1,2,1
509,0,3,1,28,0,0,22.525,,1,1,1,2,1
510,1,3,1,26,0,0,56.4958,,1,1,1,2,2
511,1,3,1,29,0,0,7.75,,3,1,1,2,1
512,0,3,1,28,0,0,8.05,,1,1,1,2,1
513,1,1,1,36,0,0,26.2875,E25,1,1,1,2,1
514,1,1,2,54,1,0,59.4,,2,2,2,2,2
515,0,3,1,24,0,0,7.4958,,1,1,1,2,1
516,0,1,1,47,0,0,34.0208,D46,1,1,1,2,2
517,1,2,2,34,0,0,10.5,F33,1,2,1,2,1
518,0,3,1,28,0,0,24.15,,3,1,1,2,1
519,1,2,2,36,1,0,26,,1,2,2,2,1
520,0,3,1,32,0,0,7.8958,,1,1,1,2,1
521,1,1,2,30,0,0,93.5,B73,1,3,1,2,2
522,0,3,1,22,0,0,7.8958,,1,1,1,2,1
523,0,3,1,28,0,0,7.225,,2,1,1,2,1
524,1,1,2,44,0,1,57.9792,B18,2,2,2,2,2
525,0,3,1,28,0,0,7.2292,,2,1,1,2,1
526,0,3,1,40.5,0,0,7.75,,3,1,1,2,1
527,1,2,2,50,0,0,10.5,,1,3,1,2,1
528,0,1,1,28,0,0,221.7792,C95,1,1,1,2,3
529,0,3,1,39,0,0,7.925,,1,1,1,2,1
530,0,2,1,23,2,1,11.5,,1,1,4,2,1
531,1,2,2,2,1,1,26,,1,3,3,1,1
532,0,3,1,28,0,0,7.2292,,2,1,1,2,1
533,0,3,1,17,1,1,7.2292,,2,1,3,2,1
534,1,3,2,28,0,2,22.3583,,2,2,3,2,1
535,0,3,2,30,0,0,8.6625,,1,3,1,2,1
536,1,2,2,7,0,2,26.25,,1,3,3,1,1
537,0,1,1,45,0,0,26.55,B38,1,5,1,2,1
538,1,1,2,30,0,0,106.425,,2,3,1,2,3
539,0,3,1,28,0,0,14.5,,1,1,1,2,1
540,1,1,2,22,0,2,49.5,B39,2,3,3,2,2
541,1,1,2,36,0,2,71,B22,1,3,3,2,2
542,0,3,2,9,4,2,31.275,,1,3,7,1,2
543,0,3,2,11,4,2,31.275,,1,3,7,1,2
544,1,2,1,32,1,0,26,,1,1,2,2,1
545,0,1,1,50,1,0,106.425,C86,2,1,2,2,3
546,0,1,1,64,0,0,26,,1,1,1,3,1
547,1,2,2,19,1,0,26,,1,2,2,2,1
548,1,2,1,28,0,0,13.8625,,2,1,1,2,1
549,0,3,1,33,1,1,20.525,,1,1,3,2,1
550,1,2,1,8,1,1,36.75,,1,4,3,1,2
551,1,1,1,17,0,2,110.8833,C70,2,1,3,2,3
552,0,2,1,27,0,0,26,,1,1,1,2,1
553,0,3,1,28,0,0,7.8292,,3,1,1,2,1
554,1,3,1,22,0,0,7.225,,2,1,1,2,1
555,1,3,2,22,0,0,7.775,,1,3,1,2,1
556,0,1,1,62,0,0,26.55,,1,1,1,3,1
557,1,1,2,48,1,0,39.6,A16,2,5,2,2,2
558,0,1,1,28,0,0,227.525,,2,1,1,2,3
559,1,1,2,39,1,1,79.65,E67,1,2,3,2,2
560,1,3,2,36,1,0,17.4,,1,2,2,2,1
561,0,3,1,28,0,0,7.75,,3,1,1,2,1
562,0,3,1,40,0,0,7.8958,,1,1,1,2,1
563,0,2,1,28,0,0,13.5,,1,1,1,2,1
564,0,3,1,28,0,0,8.05,,1,1,1,2,1
565,0,3,2,28,0,0,8.05,,1,3,1,2,1
566,0,3,1,24,2,0,24.15,,1,1,3,2,1
567,0,3,1,19,0,0,7.8958,,1,1,1,2,1
568,0,3,2,29,0,4,21.075,,1,2,5,2,1
569,0,3,1,28,0,0,7.2292,,2,1,1,2,1
570,1,3,1,32,0,0,7.8542,,1,1,1,2,1
571,1,2,1,62,0,0,10.5,,1,1,1,3,1
572,1,1,2,53,2,0,51.4792,C101,1,2,3,2,2
573,1,1,1,36,0,0,26.3875,E25,1,1,1,2,1
574,1,3,2,28,0,0,7.75,,3,3,1,2,1
575,0,3,1,16,0,0,8.05,,1,1,1,2,1
576,0,3,1,19,0,0,14.5,,1,1,1,2,1
577,1,2,2,34,0,0,13,,1,3,1,2,1
578,1,1,2,39,1,0,55.9,E44,1,2,2,2,2
579,0,3,2,28,1,0,14.4583,,2,2,2,2,1
580,1,3,1,32,0,0,7.925,,1,1,1,2,1
581,1,2,2,25,1,1,30,,1,3,3,2,1
582,1,1,2,39,1,1,110.8833,C68,2,2,3,2,3
583,0,2,1,54,0,0,26,,1,1,1,2,1
584,0,1,1,36,0,0,40.125,A10,2,1,1,2,2
585,0,3,1,28,0,0,8.7125,,2,1,1,2,1
586,1,1,2,18,0,2,79.65,E68,1,3,3,2,2
587,0,2,1,47,0,0,15,,1,1,1,2,1
588,1,1,1,60,1,1,79.2,B41,2,1,3,2,2
589,0,3,1,22,0,0,8.05,,1,1,1,2,1
590,0,3,1,28,0,0,8.05,,1,1,1,2,1
591,0,3,1,35,0,0,7.125,,1,1,1,2,1
592,1,1,2,52,1,0,78.2667,D20,2,2,2,2,2
593,0,3,1,47,0,0,7.25,,1,1,1,2,1
594,0,3,2,28,0,2,7.75,,3,3,3,2,1
595,0,2,1,37,1,0,26,,1,1,2,2,1
596,0,3,1,36,1,1,24.15,,1,1,3,2,1
597,1,2,2,28,0,0,33,,1,3,1,2,2
598,0,3,1,49,0,0,0,,1,1,1,2,0
599,0,3,1,28,0,0,7.225,,2,1,1,2,1
600,1,1,1,49,1,0,56.9292,A20,2,5,2,2,2
601,1,2,2,24,2,1,27,,1,2,4,2,1
602,0,3,1,28,0,0,7.8958,,1,1,1,2,1
603,0,1,1,28,0,0,42.4,,1,1,1,2,2
604,0,3,1,44,0,0,8.05,,1,1,1,2,1
605,1,1,1,35,0,0,26.55,,2,1,1,2,1
606,0,3,1,36,1,0,15.55,,1,1,2,2,1
607,0,3,1,30,0,0,7.8958,,1,1,1,2,1
608,1,1,1,27,0,0,30.5,,1,1,1,2,2
609,1,2,2,22,1,2,41.5792,,2,2,4,2,2
610,1,1,2,40,0,0,153.4625,C125,1,3,1,2,3
611,0,3,2,39,1,5,31.275,,1,2,7,2,2
612,0,3,1,28,0,0,7.05,,1,1,1,2,1
613,1,3,2,28,1,0,15.5,,3,3,2,2,1
614,0,3,1,28,0,0,7.75,,3,1,1,2,1
615,0,3,1,35,0,0,8.05,,1,1,1,2,1
616,1,2,2,24,1,2,65,,1,3,4,2,2
617,0,3,1,34,1,1,14.4,,1,1,3,2,1
618,0,3,2,26,1,0,16.1,,1,2,2,2,1
619,1,2,2,4,2,1,39,F4,1,3,4,1,2
620,0,2,1,26,0,0,10.5,,1,1,1,2,1
621,0,3,1,27,1,0,14.4542,,2,1,2,2,1
622,1,1,1,42,1,0,52.5542,D19,1,1,2,2,2
623,1,3,1,20,1,1,15.7417,,2,1,3,2,1
624,0,3,1,21,0,0,7.8542,,1,1,1,2,1
625,0,3,1,21,0,0,16.1,,1,1,1,2,1
626,0,1,1,61,0,0,32.3208,D50,1,1,1,3,2
627,0,2,1,57,0,0,12.35,,3,Rev,1,2,1
628,1,1,2,21,0,0,77.9583,D9,1,3,1,2,2
629,0,3,1,26,0,0,7.8958,,1,1,1,2,1
630,0,3,1,28,0,0,7.7333,,3,1,1,2,1
631,1,1,1,80,0,0,30,A23,1,1,1,3,1
632,0,3,1,51,0,0,7.0542,,1,1,1,2,1
633,1,1,1,32,0,0,30.5,B50,2,Dr,1,2,2
634,0,1,1,28,0,0,0,,1,1,1,2,0
635,0,3,2,9,3,2,27.9,,1,3,6,1,1
636,1,2,2,28,0,0,13,,1,3,1,2,1
637,0,3,1,32,0,0,7.925,,1,1,1,2,1
638,0,2,1,31,1,1,26.25,,1,1,3,2,1
639,0,3,2,41,0,5,39.6875,,1,2,6,2,2
640,0,3,1,28,1,0,16.1,,1,1,2,2,1
641,0,3,1,20,0,0,7.8542,,1,1,1,2,1
642,1,1,2,24,0,0,69.3,B35,2,5,1,2,2
643,0,3,2,2,3,2,27.9,,1,3,6,1,1
644,1,3,1,28,0,0,56.4958,,1,1,1,2,2
645,1,3,2,0.75,2,1,19.2583,,2,3,4,1,1
646,1,1,1,48,1,0,76.7292,D33,2,1,2,2,2
647,0,3,1,19,0,0,7.8958,,1,1,1,2,1
648,1,1,1,56,0,0,35.5,A26,2,5,1,2,2
649,0,3,1,28,0,0,7.55,,1,1,1,2,1
650,1,3,2,23,0,0,7.55,,1,3,1,2,1
651,0,3,1,28,0,0,7.8958,,1,1,1,2,1
652,1,2,2,18,0,1,23,,1,3,2,2,1
653,0,3,1,21,0,0,8.4333,,1,1,1,2,1
654,1,3,2,28,0,0,7.8292,,3,3,1,2,1
655,0,3,2,18,0,0,6.75,,3,3,1,2,1
656,0,2,1,24,2,0,73.5,,1,1,3,2,2
657,0,3,1,28,0,0,7.8958,,1,1,1,2,1
658,0,3,2,32,1,1,15.5,,3,2,3,2,1
659,0,2,1,23,0,0,13,,1,1,1,2,1
660,0,1,1,58,0,2,113.275,D48,2,1,3,2,3
661,1,1,1,50,2,0,133.65,,1,Dr,3,2,3
662,0,3,1,40,0,0,7.225,,2,1,1,2,1
663,0,1,1,47,0,0,25.5875,E58,1,1,1,2,1
664,0,3,1,36,0,0,7.4958,,1,1,1,2,1
665,1,3,1,20,1,0,7.925,,1,1,2,2,1
666,0,2,1,32,2,0,73.5,,1,1,3,2,2
667,0,2,1,25,0,0,13,,1,1,1,2,1
668,0,3,1,28,0,0,7.775,,1,1,1,2,1
669,0,3,1,43,0,0,8.05,,1,1,1,2,1
670,1,1,2,28,1,0,52,C126,1,2,2,2,2
671,1,2,2,40,1,1,39,,1,2,3,2,2
672,0,1,1,31,1,0,52,B71,1,1,2,2,2
673,0,2,1,70,0,0,10.5,,1,1,1,3,1
674,1,2,1,31,0,0,13,,1,1,1,2,1
675,0,2,1,28,0,0,0,,1,1,1,2,0
676,0,3,1,18,0,0,7.775,,1,1,1,2,1
677,0,3,1,24.5,0,0,8.05,,1,1,1,2,1
678,1,3,2,18,0,0,9.8417,,1,3,1,2,1
679,0,3,2,43,1,6,46.9,,1,2,8,2,2
680,1,1,1,36,0,1,512.3292,B51 B53 B55,2,1,2,2,3
681,0,3,2,28,0,0,8.1375,,3,3,1,2,1
682,1,1,1,27,0,0,76.7292,D49,2,1,1,2,2
683,0,3,1,20,0,0,9.225,,1,1,1,2,1
684,0,3,1,14,5,2,46.9,,1,1,8,1,2
685,0,2,1,60,1,1,39,,1,1,3,2,2
686,0,2,1,25,1,2,41.5792,,2,1,4,2,2
687,0,3,1,14,4,1,39.6875,,1,1,6,1,2
688,0,3,1,19,0,0,10.1708,,1,1,1,2,1
689,0,3,1,18,0,0,7.7958,,1,1,1,2,1
690,1,1,2,15,0,1,211.3375,B5,1,3,2,1,3
691,1,1,1,31,1,0,57,B20,1,1,2,2,2
692,1,3,2,4,0,1,13.4167,,2,3,2,1,1
693,1,3,1,28,0,0,56.4958,,1,1,1,2,2
694,0,3,1,25,0,0,7.225,,2,1,1,2,1
695,0,1,1,60,0,0,26.55,,1,5,1,2,1
696,0,2,1,52,0,0,13.5,,1,1,1,2,1
697,0,3,1,44,0,0,8.05,,1,1,1,2,1
698,1,3,2,28,0,0,7.7333,,3,3,1,2,1
699,0,1,1,49,1,1,110.8833,C68,2,1,3,2,3
700,0,3,1,42,0,0,7.65,F G63,1,1,1,2,1
701,1,1,2,18,1,0,227.525,C62 C64,2,2,2,2,3
702,1,1,1,35,0,0,26.2875,E24,1,1,1,2,1
703,0,3,2,18,0,1,14.4542,,2,3,2,2,1
704,0,3,1,25,0,0,7.7417,,3,1,1,2,1
705,0,3,1,26,1,0,7.8542,,1,1,2,2,1
706,0,2,1,39,0,0,26,,1,1,1,2,1
707,1,2,2,45,0,0,13.5,,1,2,1,2,1
708,1,1,1,42,0,0,26.2875,E24,1,1,1,2,1
709,1,1,2,22,0,0,151.55,,1,3,1,2,3
710,1,3,1,28,1,1,15.2458,,2,4,3,2,1
711,1,1,2,24,0,0,49.5042,C90,2,5,1,2,2
712,0,1,1,28,0,0,26.55,C124,1,1,1,2,1
713,1,1,1,48,1,0,52,C126,1,1,2,2,2
714,0,3,1,29,0,0,9.4833,,1,1,1,2,1
715,0,2,1,52,0,0,13,,1,1,1,2,1
716,0,3,1,19,0,0,7.65,F G73,1,1,1,2,1
717,1,1,2,38,0,0,227.525,C45,2,3,1,2,3
718,1,2,2,27,0,0,10.5,E101,1,3,1,2,1
719,0,3,1,28,0,0,15.5,,3,1,1,2,1
720,0,3,1,33,0,0,7.775,,1,1,1,2,1
721,1,2,2,6,0,1,33,,1,3,2,1,2
722,0,3,1,17,1,0,7.0542,,1,1,2,2,1
723,0,2,1,34,0,0,13,,1,1,1,2,1
724,0,2,1,50,0,0,13,,1,1,1,2,1
725,1,1,1,27,1,0,53.1,E8,1,1,2,2,2
726,0,3,1,20,0,0,8.6625,,1,1,1,2,1
727,1,2,2,30,3,0,21,,1,2,4,2,1
728,1,3,2,28,0,0,7.7375,,3,3,1,2,1
729,0,2,1,25,1,0,26,,1,1,2,2,1
730,0,3,2,25,1,0,7.925,,1,3,2,2,1
731,1,1,2,29,0,0,211.3375,B5,1,3,1,2,3
732,0,3,1,11,0,0,18.7875,,2,1,1,1,1
733,0,2,1,28,0,0,0,,1,1,1,2,0
734,0,2,1,23,0,0,13,,1,1,1,2,1
735,0,2,1,23,0,0,13,,1,1,1,2,1
736,0,3,1,28.5,0,0,16.1,,1,1,1,2,1
737,0,3,2,48,1,3,34.375,,1,2,5,2,2
738,1,1,1,35,0,0,512.3292,B101,2,1,1,2,3
739,0,3,1,28,0,0,7.8958,,1,1,1,2,1
740,0,3,1,28,0,0,7.8958,,1,1,1,2,1
741,1,1,1,28,0,0,30,D45,1,1,1,2,1
742,0,1,1,36,1,0,78.85,C46,1,1,2,2,2
743,1,1,2,21,2,2,262.375,B57 B59 B63 B66,2,3,5,2,3
744,0,3,1,24,1,0,16.1,,1,1,2,2,1
745,1,3,1,31,0,0,7.925,,1,1,1,2,1
746,0,1,1,70,1,1,71,B22,1,5,3,3,2
747,0,3,1,16,1,1,20.25,,1,1,3,2,1
748,1,2,2,30,0,0,13,,1,3,1,2,1
749,0,1,1,19,1,0,53.1,D30,1,1,2,2,2
750,0,3,1,31,0,0,7.75,,3,1,1,2,1
751,1,2,2,4,1,1,23,,1,3,3,1,1
752,1,3,1,6,0,1,12.475,E121,1,4,2,1,1
753,0,3,1,33,0,0,9.5,,1,1,1,2,1
754,0,3,1,23,0,0,7.8958,,1,1,1,2,1
755,1,2,2,48,1,2,65,,1,2,4,2,2
756,1,2,1,0.67,1,1,14.5,,1,4,3,1,1
757,0,3,1,28,0,0,7.7958,,1,1,1,2,1
758,0,2,1,18,0,0,11.5,,1,1,1,2,1
759,0,3,1,34,0,0,8.05,,1,1,1,2,1
760,1,1,2,33,0,0,86.5,B77,1,5,1,2,2
761,0,3,1,28,0,0,14.5,,1,1,1,2,1
762,0,3,1,41,0,0,7.125,,1,1,1,2,1
763,1,3,1,20,0,0,7.2292,,2,1,1,2,1
764,1,1,2,36,1,2,120,B96 B98,1,2,4,2,3
765,0,3,1,16,0,0,7.775,,1,1,1,2,1
766,1,1,2,51,1,0,77.9583,D11,1,2,2,2,2
767,0,1,1,28,0,0,39.6,,2,Dr,1,2,2
768,0,3,2,30.5,0,0,7.75,,3,3,1,2,1
769,0,3,1,28,1,0,24.15,,3,1,2,2,1
770,0,3,1,32,0,0,8.3625,,1,1,1,2,1
771,0,3,1,24,0,0,9.5,,1,1,1,2,1
772,0,3,1,48,0,0,7.8542,,1,1,1,2,1
773,0,2,2,57,0,0,10.5,E77,1,2,1,2,1
774,0,3,1,28,0,0,7.225,,2,1,1,2,1
775,1,2,2,54,1,3,23,,1,2,5,2,1
776,0,3,1,18,0,0,7.75,,1,1,1,2,1
777,0,3,1,28,0,0,7.75,F38,3,1,1,2,1
778,1,3,2,5,0,0,12.475,,1,3,1,1,1
779,0,3,1,28,0,0,7.7375,,3,1,1,2,1
780,1,1,2,43,0,1,211.3375,B3,1,2,2,2,3
781,1,3,2,13,0,0,7.2292,,2,3,1,1,1
782,1,1,2,17,1,0,57,B20,1,2,2,2,2
783,0,1,1,29,0,0,30,D6,1,1,1,2,1
784,0,3,1,28,1,2,23.45,,1,1,4,2,1
785,0,3,1,25,0,0,7.05,,1,1,1,2,1
786,0,3,1,25,0,0,7.25,,1,1,1,2,1
787,1,3,2,18,0,0,7.4958,,1,3,1,2,1
788,0,3,1,8,4,1,29.125,,3,4,6,1,1
789,1,3,1,1,1,2,20.575,,1,4,4,1,1
790,0,1,1,46,0,0,79.2,B82 B84,2,1,1,2,2
791,0,3,1,28,0,0,7.75,,3,1,1,2,1
792,0,2,1,16,0,0,26,,1,1,1,2,1
793,0,3,2,28,8,2,69.55,,1,3,11,2,2
794,0,1,1,28,0,0,30.6958,,2,1,1,2,2
795,0,3,1,25,0,0,7.8958,,1,1,1,2,1
796,0,2,1,39,0,0,13,,1,1,1,2,1
797,1,1,2,49,0,0,25.9292,D17,1,Dr,1,2,1
798,1,3,2,31,0,0,8.6833,,1,2,1,2,1
799,0,3,1,30,0,0,7.2292,,2,1,1,2,1
800,0,3,2,30,1,1,24.15,,1,2,3,2,1
801,0,2,1,34,0,0,13,,1,1,1,2,1
802,1,2,2,31,1,1,26.25,,1,2,3,2,1
803,1,1,1,11,1,2,120,B96 B98,1,4,4,1,3
804,1,3,1,0.42,0,1,8.5167,,2,4,2,1,1
805,1,3,1,27,0,0,6.975,,1,1,1,2,1
806,0,3,1,31,0,0,7.775,,1,1,1,2,1
807,0,1,1,39,0,0,0,A36,1,1,1,2,0
808,0,3,2,18,0,0,7.775,,1,3,1,2,1
809,0,2,1,39,0,0,13,,1,1,1,2,1
810,1,1,2,33,1,0,53.1,E8,1,2,2,2,2
811,0,3,1,26,0,0,7.8875,,1,1,1,2,1
812,0,3,1,39,0,0,24.15,,1,1,1,2,1
813,0,2,1,35,0,0,10.5,,1,1,1,2,1
814,0,3,2,6,4,2,31.275,,1,3,7,1,2
815,0,3,1,30.5,0,0,8.05,,1,1,1,2,1
816,0,1,1,28,0,0,0,B102,1,1,1,2,0
817,0,3,2,23,0,0,7.925,,1,3,1,2,1
818,0,2,1,31,1,1,37.0042,,2,1,3,2,2
819,0,3,1,43,0,0,6.45,,1,1,1,2,1
820,0,3,1,10,3,2,27.9,,1,4,6,1,1
821,1,1,2,52,1,1,93.5,B69,1,2,3,2,2
822,1,3,1,27,0,0,8.6625,,1,1,1,2,1
823,0,1,1,38,0,0,0,,1,5,1,2,0
824,1,3,2,27,0,1,12.475,E121,1,2,2,2,1
825,0,3,1,2,4,1,39.6875,,1,4,6,1,2
826,0,3,1,28,0,0,6.95,,3,1,1,2,1
827,0,3,1,28,0,0,56.4958,,1,1,1,2,2
828,1,2,1,1,0,2,37.0042,,2,4,3,1,2
829,1,3,1,28,0,0,7.75,,3,1,1,2,1
830,1,1,2,62,0,0,80,B28,2,2,1,3,2
831,1,3,2,15,1,0,14.4542,,2,2,2,1,1
832,1,2,1,0.83,1,1,18.75,,1,4,3,1,1
833,0,3,1,28,0,0,7.2292,,2,1,1,2,1
834,0,3,1,23,0,0,7.8542,,1,1,1,2,1
835,0,3,1,18,0,0,8.3,,1,1,1,2,1
836,1,1,2,39,1,1,83.1583,E49,2,3,3,2,2
837,0,3,1,21,0,0,8.6625,,1,1,1,2,1
838,0,3,1,28,0,0,8.05,,1,1,1,2,1
839,1,3,1,32,0,0,56.4958,,1,1,1,2,2
840,1,1,1,28,0,0,29.7,C47,2,1,1,2,1
841,0,3,1,20,0,0,7.925,,1,1,1,2,1
842,0,2,1,16,0,0,10.5,,1,1,1,2,1
843,1,1,2,30,0,0,31,,2,3,1,2,2
844,0,3,1,34.5,0,0,6.4375,,2,1,1,2,1
845,0,3,1,17,0,0,8.6625,,1,1,1,2,1
846,0,3,1,42,0,0,7.55,,1,1,1,2,1
847,0,3,1,28,8,2,69.55,,1,1,11,2,2
848,0,3,1,35,0,0,7.8958,,2,1,1,2,1
849,0,2,1,28,0,1,33,,1,Rev,2,2,2
850,1,1,2,28,1,0,89.1042,C92,2,2,2,2,2
851,0,3,1,4,4,2,31.275,,1,4,7,1,2
852,0,3,1,74,0,0,7.775,,1,1,1,3,1
853,0,3,2,9,1,1,15.2458,,2,3,3,1,1
854,1,1,2,16,0,1,39.4,D28,1,3,2,2,2
855,0,2,2,44,1,0,26,,1,2,2,2,1
856,1,3,2,18,0,1,9.35,,1,2,2,2,1
857,1,1,2,45,1,1,164.8667,,1,2,3,2,3
858,1,1,1,51,0,0,26.55,E17,1,1,1,2,1
859,1,3,2,24,0,3,19.2583,,2,2,4,2,1
860,0,3,1,28,0,0,7.2292,,2,1,1,2,1
861,0,3,1,41,2,0,14.1083,,1,1,3,2,1
862,0,2,1,21,1,0,11.5,,1,1,2,2,1
863,1,1,2,48,0,0,25.9292,D17,1,2,1,2,1
864,0,3,2,28,8,2,69.55,,1,3,11,2,2
865,0,2,1,24,0,0,13,,1,1,1,2,1
866,1,2,2,42,0,0,13,,1,2,1,2,1
867,1,2,2,27,1,0,13.8583,,2,3,2,2,1
868,0,1,1,31,0,0,50.4958,A24,1,1,1,2,2
869,0,3,1,28,0,0,9.5,,1,1,1,2,1
870,1,3,1,4,1,1,11.1333,,1,4,3,1,1
871,0,3,1,26,0,0,7.8958,,1,1,1,2,1
872,1,1,2,47,1,1,52.5542,D35,1,2,3,2,2
873,0,1,1,33,0,0,5,B51 B53 B55,1,1,1,2,1
874,0,3,1,47,0,0,9,,1,1,1,2,1
875,1,2,2,28,1,0,24,,2,2,2,2,1
876,1,3,2,15,0,0,7.225,,2,3,1,1,1
877,0,3,1,20,0,0,9.8458,,1,1,1,2,1
878,0,3,1,19,0,0,7.8958,,1,1,1,2,1
879,0,3,1,28,0,0,7.8958,,1,1,1,2,1
880,1,1,2,56,0,1,83.1583,C50,2,2,2,2,2
881,1,2,2,25,0,1,26,,1,2,2,2,1
882,0,3,1,33,0,0,7.8958,,1,1,1,2,1
883,0,3,2,22,0,0,10.5167,,1,3,1,2,1
884,0,2,1,28,0,0,10.5,,1,1,1,2,1
885,0,3,1,25,0,0,7.05,,1,1,1,2,1
886,0,3,2,39,0,5,29.125,,3,2,6,2,1
887,0,2,1,27,0,0,13,,1,Rev,1,2,1
888,1,1,2,19,0,0,30,B42,1,3,1,2,1
889,0,3,2,28,1,2,23.45,,1,3,4,2,1
890,1,1,1,26,0,0,30,C148,2,1,1,2,1
891,0,3,1,32,0,0,7.75,,3,1,1,2,1
892,,3,1,34.5,0,0,7.8292,,3,1,1,2,1
893,,3,2,47,1,0,7,,1,2,2,2,1
894,,2,1,62,0,0,9.6875,,3,1,1,3,1
895,,3,1,27,0,0,8.6625,,1,1,1,2,1
896,,3,2,22,1,1,12.2875,,1,2,3,2,1
897,,3,1,14,0,0,9.225,,1,1,1,1,1
898,,3,2,30,0,0,7.6292,,3,3,1,2,1
899,,2,1,26,1,1,29,,1,1,3,2,1
900,,3,2,18,0,0,7.2292,,2,2,1,2,1
901,,3,1,21,2,0,24.15,,1,1,3,2,1
902,,3,1,28,0,0,7.8958,,1,1,1,2,1
903,,1,1,46,0,0,26,,1,1,1,2,1
904,,1,2,23,1,0,82.2667,B45,1,2,2,2,2
905,,2,1,63,1,0,26,,1,1,2,3,1
906,,1,2,47,1,0,61.175,E31,1,2,2,2,2
907,,2,2,24,1,0,27.7208,,2,2,2,2,1
908,,2,1,35,0,0,12.35,,3,1,1,2,1
909,,3,1,21,0,0,7.225,,2,1,1,2,1
910,,3,2,27,1,0,7.925,,1,3,2,2,1
911,,3,2,45,0,0,7.225,,2,2,1,2,1
912,,1,1,55,1,0,59.4,,2,1,2,2,2
913,,3,1,9,0,1,3.1708,,1,4,2,1,1
914,,1,2,28,0,0,31.6833,,1,2,1,2,2
915,,1,1,21,0,1,61.3792,,2,1,2,2,2
916,,1,2,48,1,3,262.375,B57 B59 B63 B66,2,2,5,2,3
917,,3,1,50,1,0,14.5,,1,1,2,2,1
918,,1,2,22,0,1,61.9792,B36,2,3,2,2,2
919,,3,1,22.5,0,0,7.225,,2,1,1,2,1
920,,1,1,41,0,0,30.5,A21,1,1,1,2,2
921,,3,1,28,2,0,21.6792,,2,1,3,2,1
922,,2,1,50,1,0,26,,1,1,2,2,1
923,,2,1,24,2,0,31.5,,1,1,3,2,2
924,,3,2,33,1,2,20.575,,1,2,4,2,1
925,,3,2,28,1,2,23.45,,1,2,4,2,1
926,,1,1,30,1,0,57.75,C78,2,1,2,2,2
927,,3,1,18.5,0,0,7.2292,,2,1,1,2,1
928,,3,2,28,0,0,8.05,,1,3,1,2,1
929,,3,2,21,0,0,8.6625,,1,3,1,2,1
930,,3,1,25,0,0,9.5,,1,1,1,2,1
931,,3,1,28,0,0,56.4958,,1,1,1,2,2
932,,3,1,39,0,1,13.4167,,2,1,2,2,1
933,,1,1,28,0,0,26.55,D34,1,1,1,2,1
934,,3,1,41,0,0,7.85,,1,1,1,2,1
935,,2,2,30,0,0,13,,1,2,1,2,1
936,,1,2,45,1,0,52.5542,D19,1,2,2,2,2
937,,3,1,25,0,0,7.925,,1,1,1,2,1
938,,1,1,45,0,0,29.7,A9,2,1,1,2,1
939,,3,1,28,0,0,7.75,,3,1,1,2,1
940,,1,2,60,0,0,76.2917,D15,2,2,1,2,2
941,,3,2,36,0,2,15.9,,1,2,3,2,1
942,,1,1,24,1,0,60,C31,1,1,2,2,2
943,,2,1,27,0,0,15.0333,,2,1,1,2,1
944,,2,2,20,2,1,23,,1,3,4,2,1
945,,1,2,28,3,2,263,C23 C25 C27,1,3,6,2,3
946,,2,1,28,0,0,15.5792,,2,1,1,2,1
947,,3,1,10,4,1,29.125,,3,4,6,1,1
948,,3,1,35,0,0,7.8958,,1,1,1,2,1
949,,3,1,25,0,0,7.65,F G63,1,1,1,2,1
950,,3,1,28,1,0,16.1,,1,1,2,2,1
951,,1,2,36,0,0,262.375,B61,2,3,1,2,3
952,,3,1,17,0,0,7.8958,,1,1,1,2,1
953,,2,1,32,0,0,13.5,,1,1,1,2,1
954,,3,1,18,0,0,7.75,,1,1,1,2,1
955,,3,2,22,0,0,7.725,,3,3,1,2,1
956,,1,1,13,2,2,262.375,B57 B59 B63 B66,2,4,5,1,3
957,,2,2,28,0,0,21,,1,2,1,2,1
958,,3,2,18,0,0,7.8792,,3,3,1,2,1
959,,1,1,47,0,0,42.4,,1,1,1,2,2
960,,1,1,31,0,0,28.5375,C53,2,1,1,2,1
961,,1,2,60,1,4,263,C23 C25 C27,1,2,6,2,3
962,,3,2,24,0,0,7.75,,3,3,1,2,1
963,,3,1,21,0,0,7.8958,,1,1,1,2,1
964,,3,2,29,0,0,7.925,,1,3,1,2,1
965,,1,1,28.5,0,0,27.7208,D43,2,1,1,2,1
966,,1,2,35,0,0,211.5,C130,2,3,1,2,3
967,,1,1,32.5,0,0,211.5,C132,2,1,1,2,3
968,,3,1,28,0,0,8.05,,1,1,1,2,1
969,,1,2,55,2,0,25.7,C101,1,2,3,2,1
970,,2,1,30,0,0,13,,1,1,1,2,1
971,,3,2,24,0,0,7.75,,3,3,1,2,1
972,,3,1,6,1,1,15.2458,,2,4,3,1,1
973,,1,1,67,1,0,221.7792,C55 C57,1,1,2,3,3
974,,1,1,49,0,0,26,,1,1,1,2,1
975,,3,1,28,0,0,7.8958,,1,1,1,2,1
976,,2,1,28,0,0,10.7083,,3,1,1,2,1
977,,3,1,28,1,0,14.4542,,2,1,2,2,1
978,,3,2,27,0,0,7.8792,,3,3,1,2,1
979,,3,2,18,0,0,8.05,,1,3,1,2,1
980,,3,2,28,0,0,7.75,,3,5,1,2,1
981,,2,1,2,1,1,23,,1,4,3,1,1
982,,3,2,22,1,0,13.9,,1,2,2,2,1
983,,3,1,28,0,0,7.775,,1,1,1,2,1
984,,1,2,27,1,2,52,B71,1,2,4,2,2
985,,3,1,28,0,0,8.05,,1,1,1,2,1
986,,1,1,25,0,0,26,,2,1,1,2,1
987,,3,1,25,0,0,7.7958,,1,1,1,2,1
988,,1,2,76,1,0,78.85,C46,1,2,2,3,2
989,,3,1,29,0,0,7.925,,1,1,1,2,1
990,,3,2,20,0,0,7.8542,,1,3,1,2,1
991,,3,1,33,0,0,8.05,,1,1,1,2,1
992,,1,2,43,1,0,55.4417,C116,2,2,2,2,2
993,,2,1,27,1,0,26,,1,1,2,2,1
994,,3,1,28,0,0,7.75,,3,1,1,2,1
995,,3,1,26,0,0,7.775,,1,1,1,2,1
996,,3,2,16,1,1,8.5167,,2,2,3,2,1
997,,3,1,28,0,0,22.525,,1,1,1,2,1
998,,3,1,21,0,0,7.8208,,3,1,1,2,1
999,,3,1,28,0,0,7.75,,3,1,1,2,1
1000,,3,1,28,0,0,8.7125,,1,1,1,2,1
1001,,2,1,18.5,0,0,13,F,1,1,1,2,1
1002,,2,1,41,0,0,15.0458,,2,1,1,2,1
1003,,3,2,28,0,0,7.7792,,3,3,1,2,1
1004,,1,2,36,0,0,31.6792,A29,2,3,1,2,2
1005,,3,2,18.5,0,0,7.2833,,3,3,1,2,1
1006,,1,2,63,1,0,221.7792,C55 C57,1,2,2,3,3
1007,,3,1,18,1,0,14.4542,,2,1,2,2,1
1008,,3,1,28,0,0,6.4375,,2,1,1,2,1
1009,,3,2,1,1,1,16.7,G6,1,3,3,1,1
1010,,1,1,36,0,0,75.2417,C6,2,1,1,2,2
1011,,2,2,29,1,0,26,,1,2,2,2,1
1012,,2,2,12,0,0,15.75,,1,3,1,1,1
1013,,3,1,28,1,0,7.75,,3,1,2,2,1
1014,,1,2,35,1,0,57.75,C28,2,2,2,2,2
1015,,3,1,28,0,0,7.25,,1,1,1,2,1
1016,,3,1,28,0,0,7.75,,3,1,1,2,1
1017,,3,2,17,0,1,16.1,,1,3,2,2,1
1018,,3,1,22,0,0,7.7958,,1,1,1,2,1
1019,,3,2,28,2,0,23.25,,3,3,3,2,1
1020,,2,1,42,0,0,13,,1,1,1,2,1
1021,,3,1,24,0,0,8.05,,1,1,1,2,1
1022,,3,1,32,0,0,8.05,,1,1,1,2,1
1023,,1,1,53,0,0,28.5,C51,2,5,1,2,1
1024,,3,2,28,0,4,25.4667,,1,2,5,2,1
1025,,3,1,28,1,0,6.4375,,2,1,2,2,1
1026,,3,1,43,0,0,7.8958,,1,1,1,2,1
1027,,3,1,24,0,0,7.8542,,1,1,1,2,1
1028,,3,1,26.5,0,0,7.225,,2,1,1,2,1
1029,,2,1,26,0,0,13,,1,1,1,2,1
1030,,3,2,23,0,0,8.05,,1,3,1,2,1
1031,,3,1,40,1,6,46.9,,1,1,8,2,2
1032,,3,2,10,5,2,46.9,,1,3,8,1,2
1033,,1,2,33,0,0,151.55,,1,3,1,2,3
1034,,1,1,61,1,3,262.375,B57 B59 B63 B66,2,1,5,3,3
1035,,2,1,28,0,0,26,,1,1,1,2,1
1036,,1,1,42,0,0,26.55,,1,1,1,2,1
1037,,3,1,31,3,0,18,,1,1,4,2,1
1038,,1,1,28,0,0,51.8625,E46,1,1,1,2,2
1039,,3,1,22,0,0,8.05,,1,1,1,2,1
1040,,1,1,28,0,0,26.55,,1,1,1,2,1
1041,,2,1,30,1,1,26,,1,Rev,3,2,1
1042,,1,2,23,0,1,83.1583,C54,2,2,2,2,2
1043,,3,1,28,0,0,7.8958,,2,1,1,2,1
1044,,3,1,60.5,0,0,8.05,,1,1,1,3,1
1045,,3,2,36,0,2,12.1833,,1,2,3,2,1
1046,,3,1,13,4,2,31.3875,,1,4,7,1,2
1047,,3,1,24,0,0,7.55,,1,1,1,2,1
1048,,1,2,29,0,0,221.7792,C97,1,3,1,2,3
1049,,3,2,23,0,0,7.8542,,1,3,1,2,1
1050,,1,1,42,0,0,26.55,D22,1,1,1,2,1
1051,,3,2,26,0,2,13.775,,1,2,3,2,1
1052,,3,2,28,0,0,7.7333,,3,3,1,2,1
1053,,3,1,7,1,1,15.2458,,2,4,3,1,1
1054,,2,2,26,0,0,13.5,,1,3,1,2,1
1055,,3,1,28,0,0,7,,1,1,1,2,1
1056,,2,1,41,0,0,13,,1,Rev,1,2,1
1057,,3,2,26,1,1,22.025,,1,2,3,2,1
1058,,1,1,48,0,0,50.4958,B10,2,1,1,2,2
1059,,3,1,18,2,2,34.375,,1,1,5,2,2
1060,,1,2,28,0,0,27.7208,,2,2,1,2,1
1061,,3,2,22,0,0,8.9625,,1,3,1,2,1
1062,,3,1,28,0,0,7.55,,1,1,1,2,1
1063,,3,1,27,0,0,7.225,,2,1,1,2,1
1064,,3,1,23,1,0,13.9,,1,1,2,2,1
1065,,3,1,28,0,0,7.2292,,2,1,1,2,1
1066,,3,1,40,1,5,31.3875,,1,1,7,2,2
1067,,2,2,15,0,2,39,,1,3,3,1,2
1068,,2,2,20,0,0,36.75,,1,3,1,2,2
1069,,1,1,54,1,0,55.4417,C116,2,1,2,2,2
1070,,2,2,36,0,3,39,F4,1,2,4,2,2
1071,,1,2,64,0,2,83.1583,E45,2,2,3,3,2
1072,,2,1,30,0,0,13,,1,1,1,2,1
1073,,1,1,37,1,1,83.1583,E52,2,1,3,2,2
1074,,1,2,18,1,0,53.1,D30,1,2,2,2,2
1075,,3,1,28,0,0,7.75,,3,1,1,2,1
1076,,1,2,27,1,1,247.5208,B58 B60,2,2,3,2,3
1077,,2,1,40,0,0,16,,1,1,1,2,1
1078,,2,2,21,0,1,21,,1,3,2,2,1
1079,,3,1,17,2,0,8.05,,1,1,3,2,1
1080,,3,2,28,8,2,69.55,,1,3,11,2,2
1081,,2,1,40,0,0,13,,1,1,1,2,1
1082,,2,1,34,1,0,26,,1,1,2,2,1
1083,,1,1,28,0,0,26,,1,1,1,2,1
1084,,3,1,11.5,1,1,14.5,,1,4,3,1,1
1085,,2,1,61,0,0,12.35,,3,1,1,3,1
1086,,2,1,8,0,2,32.5,,1,4,3,1,2
1087,,3,1,33,0,0,7.8542,,1,1,1,2,1
1088,,1,1,6,0,2,134.5,E34,2,4,3,1,3
1089,,3,2,18,0,0,7.775,,1,3,1,2,1
1090,,2,1,23,0,0,10.5,,1,1,1,2,1
1091,,3,2,28,0,0,8.1125,,1,2,1,2,1
1092,,3,2,28,0,0,15.5,,3,3,1,2,1
1093,,3,1,0.33,0,2,14.4,,1,4,3,1,1
1094,,1,1,47,1,0,227.525,C62 C64,2,5,2,2,3
1095,,2,2,8,1,1,26,,1,3,3,1,1
1096,,2,1,25,0,0,10.5,,1,1,1,2,1
1097,,1,1,28,0,0,25.7417,,2,1,1,2,1
1098,,3,2,35,0,0,7.75,,3,3,1,2,1
1099,,2,1,24,0,0,10.5,,1,1,1,2,1
1100,,1,2,33,0,0,27.7208,A11,2,3,1,2,1
1101,,3,1,25,0,0,7.8958,,1,1,1,2,1
1102,,3,1,32,0,0,22.525,,1,1,1,2,1
1103,,3,1,28,0,0,7.05,,1,1,1,2,1
1104,,2,1,17,0,0,73.5,,1,1,1,2,2
1105,,2,2,60,1,0,26,,1,2,2,2,1
1106,,3,2,38,4,2,7.775,,1,3,7,2,1
1107,,1,1,42,0,0,42.5,B11,1,1,1,2,2
1108,,3,2,28,0,0,7.8792,,3,3,1,2,1
1109,,1,1,57,1,1,164.8667,,1,1,3,2,3
1110,,1,2,50,1,1,211.5,C80,2,2,3,2,3
1111,,3,1,28,0,0,8.05,,1,1,1,2,1
1112,,2,2,30,1,0,13.8583,,2,3,2,2,1
1113,,3,1,21,0,0,8.05,,1,1,1,2,1
1114,,2,2,22,0,0,10.5,F33,1,2,1,2,1
1115,,3,1,21,0,0,7.7958,,1,1,1,2,1
1116,,1,2,53,0,0,27.4458,,2,2,1,2,1
1117,,3,2,28,0,2,15.2458,,2,2,3,2,1
1118,,3,1,23,0,0,7.7958,,1,1,1,2,1
1119,,3,2,28,0,0,7.75,,3,3,1,2,1
1120,,3,1,40.5,0,0,15.1,,1,1,1,2,1
1121,,2,1,36,0,0,13,,1,1,1,2,1
1122,,2,1,14,0,0,65,,1,1,1,1,2
1123,,1,2,21,0,0,26.55,,1,3,1,2,1
1124,,3,1,21,1,0,6.4958,,1,1,2,2,1
1125,,3,1,28,0,0,7.8792,,3,1,1,2,1
1126,,1,1,39,1,0,71.2833,C85,2,1,2,2,2
1127,,3,1,20,0,0,7.8542,,1,1,1,2,1
1128,,1,1,64,1,0,75.25,D37,2,1,2,3,2
1129,,3,1,20,0,0,7.225,,2,1,1,2,1
1130,,2,2,18,1,1,13,,1,3,3,2,1
1131,,1,2,48,1,0,106.425,C86,2,2,2,2,3
1132,,1,2,55,0,0,27.7208,,2,2,1,2,1
1133,,2,2,45,0,2,30,,1,2,3,2,1
1134,,1,1,45,1,1,134.5,E34,2,1,3,2,3
1135,,3,1,28,0,0,7.8875,,1,1,1,2,1
1136,,3,1,28,1,2,23.45,,1,4,4,2,1
1137,,1,1,41,1,0,51.8625,D21,1,1,2,2,2
1138,,2,2,22,0,0,21,,1,2,1,2,1
1139,,2,1,42,1,1,32.5,,1,1,3,2,2
1140,,2,2,29,1,0,26,,1,2,2,2,1
1141,,3,2,28,1,0,14.4542,,2,2,2,2,1
1142,,2,2,0.92,1,2,27.75,,1,3,4,1,1
1143,,3,1,20,0,0,7.925,,1,1,1,2,1
1144,,1,1,27,1,0,136.7792,C89,2,1,2,2,3
1145,,3,1,24,0,0,9.325,,1,1,1,2,1
1146,,3,1,32.5,0,0,9.5,,1,1,1,2,1
1147,,3,1,28,0,0,7.55,,1,1,1,2,1
1148,,3,1,28,0,0,7.75,,3,1,1,2,1
1149,,3,1,28,0,0,8.05,,1,1,1,2,1
1150,,2,2,19,0,0,13,,1,3,1,2,1
1151,,3,1,21,0,0,7.775,,1,1,1,2,1
1152,,3,1,36.5,1,0,17.4,,1,1,2,2,1
1153,,3,1,21,0,0,7.8542,,1,1,1,2,1
1154,,2,2,29,0,2,23,,1,2,3,2,1
1155,,3,2,1,1,1,12.1833,,1,3,3,1,1
1156,,2,1,30,0,0,12.7375,,2,1,1,2,1
1157,,3,1,28,0,0,7.8958,,1,1,1,2,1
1158,,1,1,28,0,0,0,,1,1,1,2,0
1159,,3,1,28,0,0,7.55,,1,1,1,2,1
1160,,3,2,28,0,0,8.05,,1,3,1,2,1
1161,,3,1,17,0,0,8.6625,,1,1,1,2,1
1162,,1,1,46,0,0,75.2417,C6,2,1,1,2,2
1163,,3,1,28,0,0,7.75,,3,1,1,2,1
1164,,1,2,26,1,0,136.7792,C89,2,2,2,2,3
1165,,3,2,28,1,0,15.5,,3,3,2,2,1
1166,,3,1,28,0,0,7.225,,2,1,1,2,1
1167,,2,2,20,1,0,26,,1,3,2,2,1
1168,,2,1,28,0,0,10.5,,1,1,1,2,1
1169,,2,1,40,1,0,26,,1,1,2,2,1
1170,,2,1,30,1,0,21,,1,1,2,2,1
1171,,2,1,22,0,0,10.5,,1,1,1,2,1
1172,,3,2,23,0,0,8.6625,,1,3,1,2,1
1173,,3,1,0.75,1,1,13.775,,1,4,3,1,1
1174,,3,2,28,0,0,7.75,,3,3,1,2,1
1175,,3,2,9,1,1,15.2458,,2,3,3,1,1
1176,,3,2,2,1,1,20.2125,,1,3,3,1,1
1177,,3,1,36,0,0,7.25,,1,1,1,2,1
1178,,3,1,28,0,0,7.25,,1,1,1,2,1
1179,,1,1,24,1,0,82.2667,B45,1,1,2,2,2
1180,,3,1,28,0,0,7.2292,F E46,2,1,1,2,1
1181,,3,1,28,0,0,8.05,,1,1,1,2,1
1182,,1,1,28,0,0,39.6,,1,1,1,2,2
1183,,3,2,30,0,0,6.95,,3,3,1,2,1
1184,,3,1,28,0,0,7.2292,,2,1,1,2,1
1185,,1,1,53,1,1,81.8583,A34,1,Dr,3,2,2
1186,,3,1,36,0,0,9.5,,1,1,1,2,1
1187,,3,1,26,0,0,7.8958,,1,1,1,2,1
1188,,2,2,1,1,2,41.5792,,2,3,4,1,2
1189,,3,1,28,2,0,21.6792,,2,1,3,2,1
1190,,1,1,30,0,0,45.5,,1,1,1,2,2
1191,,3,1,29,0,0,7.8542,,1,1,1,2,1
1192,,3,1,32,0,0,7.775,,1,1,1,2,1
1193,,2,1,28,0,0,15.0458,D,2,1,1,2,1
1194,,2,1,43,0,1,21,,1,1,2,2,1
1195,,3,1,24,0,0,8.6625,,1,1,1,2,1
1196,,3,2,28,0,0,7.75,,3,3,1,2,1
1197,,1,2,64,1,1,26.55,B26,1,2,3,3,1
1198,,1,1,30,1,2,151.55,C22 C26,1,1,4,2,3
1199,,3,1,0.83,0,1,9.35,,1,4,2,1,1
1200,,1,1,55,1,1,93.5,B69,1,1,3,2,2
1201,,3,2,45,1,0,14.1083,,1,2,2,2,1
1202,,3,1,18,0,0,8.6625,,1,1,1,2,1
1203,,3,1,22,0,0,7.225,,2,1,1,2,1
1204,,3,1,28,0,0,7.575,,1,1,1,2,1
1205,,3,2,37,0,0,7.75,,3,3,1,2,1
1206,,1,2,55,0,0,135.6333,C32,2,2,1,2,3
1207,,3,2,17,0,0,7.7333,,3,3,1,2,1
1208,,1,1,57,1,0,146.5208,B78,2,1,2,2,3
1209,,2,1,19,0,0,10.5,,1,1,1,2,1
1210,,3,1,27,0,0,7.8542,,1,1,1,2,1
1211,,2,1,22,2,0,31.5,,1,1,3,2,2
1212,,3,1,26,0,0,7.775,,1,1,1,2,1
1213,,3,1,25,0,0,7.2292,F E57,2,1,1,2,1
1214,,2,1,26,0,0,13,F2,1,1,1,2,1
1215,,1,1,33,0,0,26.55,,1,1,1,2,1
1216,,1,2,39,0,0,211.3375,,1,3,1,2,3
1217,,3,1,23,0,0,7.05,,1,1,1,2,1
1218,,2,2,12,2,1,39,F4,1,3,4,1,2
1219,,1,1,46,0,0,79.2,,2,1,1,2,2
1220,,2,1,29,1,0,26,,1,1,2,2,1
1221,,2,1,21,0,0,13,,1,1,1,2,1
1222,,2,2,48,0,2,36.75,,1,2,3,2,2
1223,,1,1,39,0,0,29.7,A18,2,1,1,2,1
1224,,3,1,28,0,0,7.225,,2,1,1,2,1
1225,,3,2,19,1,1,15.7417,,2,2,3,2,1
1226,,3,1,27,0,0,7.8958,,1,1,1,2,1
1227,,1,1,30,0,0,26,C106,1,1,1,2,1
1228,,2,1,32,0,0,13,,1,1,1,2,1
1229,,3,1,39,0,2,7.2292,,2,1,3,2,1
1230,,2,1,25,0,0,31.5,,1,1,1,2,2
1231,,3,1,28,0,0,7.2292,,2,4,1,2,1
1232,,2,1,18,0,0,10.5,,1,1,1,2,1
1233,,3,1,32,0,0,7.5792,,1,1,1,2,1
1234,,3,1,28,1,9,69.55,,1,1,11,2,2
1235,,1,2,58,0,1,512.3292,B51 B53 B55,2,2,2,2,3
1236,,3,1,28,1,1,14.5,,1,4,3,2,1
1237,,3,2,16,0,0,7.65,,1,3,1,2,1
1238,,2,1,26,0,0,13,,1,1,1,2,1
1239,,3,2,38,0,0,7.2292,,2,2,1,2,1
1240,,2,1,24,0,0,13.5,,1,1,1,2,1
1241,,2,2,31,0,0,21,,1,3,1,2,1
1242,,1,2,45,0,1,63.3583,D10 D12,2,2,2,2,2
1243,,2,1,25,0,0,10.5,,1,1,1,2,1
1244,,2,1,18,0,0,73.5,,1,1,1,2,2
1245,,2,1,49,1,2,65,,1,1,4,2,2
1246,,3,2,0.17,1,2,20.575,,1,3,4,1,1
1247,,1,1,50,0,0,26,E60,1,1,1,2,1
1248,,1,2,59,2,0,51.4792,C101,1,2,3,2,2
1249,,3,1,28,0,0,7.8792,,1,1,1,2,1
1250,,3,1,28,0,0,7.75,,3,1,1,2,1
1251,,3,2,30,1,0,15.55,,1,2,2,2,1
1252,,3,1,14.5,8,2,69.55,,1,4,11,1,2
1253,,2,2,24,1,1,37.0042,,2,2,3,2,2
1254,,2,2,31,0,0,21,,1,2,1,2,1
1255,,3,1,27,0,0,8.6625,,1,1,1,2,1
1256,,1,2,25,1,0,55.4417,E50,2,2,2,2,2
1257,,3,2,28,1,9,69.55,,1,2,11,2,2
1258,,3,1,28,1,0,14.4583,,2,1,2,2,1
1259,,3,2,22,0,0,39.6875,,1,3,1,2,2
1260,,1,2,45,0,1,59.4,,2,2,2,2,2
1261,,2,1,29,0,0,13.8583,,2,1,1,2,1
1262,,2,1,21,1,0,11.5,,1,1,2,2,1
1263,,1,2,31,0,0,134.5,E39 E41,2,3,1,2,3
1264,,1,1,49,0,0,0,B52 B54 B56,1,1,1,2,0
1265,,2,1,44,0,0,13,,1,1,1,2,1
1266,,1,2,54,1,1,81.8583,A34,1,2,3,2,2
1267,,1,2,45,0,0,262.375,,2,3,1,2,3
1268,,3,2,22,2,0,8.6625,,1,3,3,2,1
1269,,2,1,21,0,0,11.5,,1,1,1,2,1
1270,,1,1,55,0,0,50,C39,1,1,1,2,2
1271,,3,1,5,4,2,31.3875,,1,4,7,1,2
1272,,3,1,28,0,0,7.75,,3,1,1,2,1
1273,,3,1,26,0,0,7.8792,,3,1,1,2,1
1274,,3,2,28,0,0,14.5,,1,2,1,2,1
1275,,3,2,19,1,0,16.1,,1,2,2,2,1
1276,,2,1,28,0,0,12.875,,1,1,1,2,1
1277,,2,2,24,1,2,65,,1,3,4,2,2
1278,,3,1,24,0,0,7.775,,1,1,1,2,1
1279,,2,1,57,0,0,13,,1,1,1,2,1
1280,,3,1,21,0,0,7.75,,3,1,1,2,1
1281,,3,1,6,3,1,21.075,,1,4,5,1,1
1282,,1,1,23,0,0,93.5,B24,1,1,1,2,2
1283,,1,2,51,0,1,39.4,D28,1,2,2,2,2
1284,,3,1,13,0,2,20.25,,1,4,3,1,1
1285,,2,1,47,0,0,10.5,,1,1,1,2,1
1286,,3,1,29,3,1,22.025,,1,1,5,2,1
1287,,1,2,18,1,0,60,C31,1,2,2,2,2
1288,,3,1,24,0,0,7.25,,3,1,1,2,1
1289,,1,2,48,1,1,79.2,B41,2,2,3,2,2
1290,,3,1,22,0,0,7.775,,1,1,1,2,1
1291,,3,1,31,0,0,7.7333,,3,1,1,2,1
1292,,1,2,30,0,0,164.8667,C7,1,3,1,2,3
1293,,2,1,38,1,0,21,,1,1,2,2,1
1294,,1,2,22,0,1,59.4,,2,3,2,2,2
1295,,1,1,17,0,0,47.1,,1,1,1,2,2
1296,,1,1,43,1,0,27.7208,D40,2,1,2,2,1
1297,,2,1,20,0,0,13.8625,D38,2,1,1,2,1
1298,,2,1,23,1,0,10.5,,1,1,2,2,1
1299,,1,1,50,1,1,211.5,C80,2,1,3,2,3
1300,,3,2,28,0,0,7.7208,,3,3,1,2,1
1301,,3,2,3,1,1,13.775,,1,3,3,1,1
1302,,3,2,28,0,0,7.75,,3,3,1,2,1
1303,,1,2,37,1,0,90,C78,3,2,2,2,2
1304,,3,2,28,0,0,7.775,,1,3,1,2,1
1305,,3,1,28,0,0,8.05,,1,1,1,2,1
1306,,1,2,39,0,0,108.9,C105,2,5,1,2,3
1307,,3,1,38.5,0,0,7.25,,1,1,1,2,1
1308,,3,1,28,0,0,8.05,,1,1,1,2,1
1309,,3,1,28,1,1,22.3583,,2,4,3,2,1
