,PassengerId,Survived,Pclass,Sex,Age,SibSp,Parch,Fare,Cabin,Embarked,Title,FamilySize,Age_group
0,1,0.0,3,1,22.0,1,0,7.25,,1,1,2,2
1,2,1.0,1,2,38.0,1,0,71.2833,C85,2,2,2,2
2,3,1.0,3,2,26.0,0,0,7.925,,1,3,1,2
3,4,1.0,1,2,35.0,1,0,53.1,C123,1,2,2,2
4,5,0.0,3,1,35.0,0,0,8.05,,1,1,1,2
5,6,0.0,3,1,28.0,0,0,8.4583,,3,1,1,2
6,7,0.0,1,1,54.0,0,0,51.8625,E46,1,1,1,3
7,8,0.0,3,1,2.0,3,1,21.075,,1,4,5,1
8,9,1.0,3,2,27.0,0,2,11.1333,,1,2,3,2
9,10,1.0,2,2,14.0,1,0,30.0708,,2,2,2,1
10,11,1.0,3,2,4.0,1,1,16.7,G6,1,3,3,1
11,12,1.0,1,2,58.0,0,0,26.55,C103,1,3,1,4
12,13,0.0,3,1,20.0,0,0,8.05,,1,1,1,2
13,14,0.0,3,1,39.0,1,5,31.275,,1,1,7,2
14,15,0.0,3,2,14.0,0,0,7.8542,,1,3,1,1
15,16,1.0,2,2,55.0,0,0,16.0,,1,2,1,3
16,17,0.0,3,1,2.0,4,1,29.125,,3,4,6,1
17,18,1.0,2,1,28.0,0,0,13.0,,1,1,1,2
18,19,0.0,3,2,31.0,1,0,18.0,,1,2,2,2
19,20,1.0,3,2,28.0,0,0,7.225,,2,2,1,2
20,21,0.0,2,1,35.0,0,0,26.0,,1,1,1,2
21,22,1.0,2,1,34.0,0,0,13.0,D56,1,1,1,2
22,23,1.0,3,2,15.0,0,0,8.0292,,3,3,1,1
23,24,1.0,1,1,28.0,0,0,35.5,A6,1,1,1,2
24,25,0.0,3,2,8.0,3,1,21.075,,1,3,5,1
25,26,1.0,3,2,38.0,1,5,31.3875,,1,2,7,2
26,27,0.0,3,1,28.0,0,0,7.225,,2,1,1,2
27,28,0.0,1,1,19.0,3,2,263.0,C23 C25 C27,1,1,6,2
28,29,1.0,3,2,28.0,0,0,7.8792,,3,3,1,2
29,30,0.0,3,1,28.0,0,0,7.8958,,1,1,1,2
30,31,0.0,1,1,40.0,0,0,27.7208,,2,5,1,2
31,32,1.0,1,2,28.0,1,0,146.5208,B78,2,2,2,2
32,33,1.0,3,2,28.0,0,0,7.75,,3,3,1,2
33,34,0.0,2,1,66.0,0,0,10.5,,1,1,1,5
34,35,0.0,1,1,28.0,1,0,82.1708,,2,1,2,2
35,36,0.0,1,1,42.0,1,0,52.0,,1,1,2,2
36,37,1.0,3,1,28.0,0,0,7.2292,,2,1,1,2
37,38,0.0,3,1,21.0,0,0,8.05,,1,1,1,2
38,39,0.0,3,2,18.0,2,0,18.0,,1,3,3,2
39,40,1.0,3,2,14.0,1,0,11.2417,,2,3,2,1
40,41,0.0,3,2,40.0,1,0,9.475,,1,2,2,2
41,42,0.0,2,2,27.0,1,0,21.0,,1,2,2,2
42,43,0.0,3,1,28.0,0,0,7.8958,,2,1,1,2
43,44,1.0,2,2,3.0,1,2,41.5792,,2,3,4,1
44,45,1.0,3,2,19.0,0,0,7.8792,,3,3,1,2
45,46,0.0,3,1,28.0,0,0,8.05,,1,1,1,2
46,47,0.0,3,1,28.0,1,0,15.5,,3,1,2,2
47,48,1.0,3,2,28.0,0,0,7.75,,3,3,1,2
48,49,0.0,3,1,28.0,2,0,21.6792,,2,1,3,2
49,50,0.0,3,2,18.0,1,0,17.8,,1,2,2,2
50,51,0.0,3,1,7.0,4,1,39.6875,,1,4,6,1
51,52,0.0,3,1,21.0,0,0,7.8,,1,1,1,2
52,53,1.0,1,2,49.0,1,0,76.7292,D33,2,2,2,3
53,54,1.0,2,2,29.0,1,0,26.0,,1,2,2,2
54,55,0.0,1,1,65.0,0,1,61.9792,B30,2,1,2,4
55,56,1.0,1,1,28.0,0,0,35.5,C52,1,1,1,2
56,57,1.0,2,2,21.0,0,0,10.5,,1,3,1,2
57,58,0.0,3,1,28.5,0,0,7.2292,,2,1,1,2
58,59,1.0,2,2,5.0,1,2,27.75,,1,3,4,1
59,60,0.0,3,1,11.0,5,2,46.9,,1,4,8,1
60,61,0.0,3,1,22.0,0,0,7.2292,,2,1,1,2
61,62,1.0,1,2,38.0,0,0,80.0,B28,2,3,1,2
62,63,0.0,1,1,45.0,1,0,83.475,C83,1,1,2,2
63,64,0.0,3,1,4.0,3,2,27.9,,1,4,6,1
64,65,0.0,1,1,28.0,0,0,27.7208,,2,1,1,2
65,66,1.0,3,1,28.0,1,1,15.2458,,2,4,3,2
66,67,1.0,2,2,29.0,0,0,10.5,F33,1,2,1,2
67,68,0.0,3,1,19.0,0,0,8.1583,,1,1,1,2
68,69,1.0,3,2,17.0,4,2,7.925,,1,3,7,2
69,70,0.0,3,1,26.0,2,0,8.6625,,1,1,3,2
70,71,0.0,2,1,32.0,0,0,10.5,,1,1,1,2
71,72,0.0,3,2,16.0,5,2,46.9,,1,3,8,2
72,73,0.0,2,1,21.0,0,0,73.5,,1,1,1,2
73,74,0.0,3,1,26.0,1,0,14.4542,,2,1,2,2
74,75,1.0,3,1,32.0,0,0,56.4958,,1,1,1,2
75,76,0.0,3,1,25.0,0,0,7.65,F G73,1,1,1,2
76,77,0.0,3,1,28.0,0,0,7.8958,,1,1,1,2
77,78,0.0,3,1,28.0,0,0,8.05,,1,1,1,2
78,79,1.0,2,1,0.83,0,2,29.0,,1,4,3,1
79,80,1.0,3,2,30.0,0,0,12.475,,1,3,1,2
80,81,0.0,3,1,22.0,0,0,9.0,,1,1,1,2
81,82,1.0,3,1,29.0,0,0,9.5,,1,1,1,2
82,83,1.0,3,2,28.0,0,0,7.7875,,3,3,1,2
83,84,0.0,1,1,28.0,0,0,47.1,,1,1,1,2
84,85,1.0,2,2,17.0,0,0,10.5,,1,3,1,2
85,86,1.0,3,2,33.0,3,0,15.85,,1,2,4,2
86,87,0.0,3,1,16.0,1,3,34.375,,1,1,5,2
87,88,0.0,3,1,28.0,0,0,8.05,,1,1,1,2
88,89,1.0,1,2,23.0,3,2,263.0,C23 C25 C27,1,3,6,2
89,90,0.0,3,1,24.0,0,0,8.05,,1,1,1,2
90,91,0.0,3,1,29.0,0,0,8.05,,1,1,1,2
91,92,0.0,3,1,20.0,0,0,7.8542,,1,1,1,2
92,93,0.0,1,1,46.0,1,0,61.175,E31,1,1,2,3
93,94,0.0,3,1,26.0,1,2,20.575,,1,1,4,2
94,95,0.0,3,1,59.0,0,0,7.25,,1,1,1,4
95,96,0.0,3,1,28.0,0,0,8.05,,1,1,1,2
96,97,0.0,1,1,71.0,0,0,34.6542,A5,2,1,1,5
97,98,1.0,1,1,23.0,0,1,63.3583,D10 D12,2,1,2,2
98,99,1.0,2,2,34.0,0,1,23.0,,1,2,2,2
99,100,0.0,2,1,34.0,1,0,26.0,,1,1,2,2
100,101,0.0,3,2,28.0,0,0,7.8958,,1,3,1,2
101,102,0.0,3,1,28.0,0,0,7.8958,,1,1,1,2
102,103,0.0,1,1,21.0,0,1,77.2875,D26,1,1,2,2
103,104,0.0,3,1,33.0,0,0,8.6542,,1,1,1,2
104,105,0.0,3,1,37.0,2,0,7.925,,1,1,3,2
105,106,0.0,3,1,28.0,0,0,7.8958,,1,1,1,2
106,107,1.0,3,2,21.0,0,0,7.65,,1,3,1,2
107,108,1.0,3,1,28.0,0,0,7.775,,1,1,1,2
108,109,0.0,3,1,38.0,0,0,7.8958,,1,1,1,2
109,110,1.0,3,2,28.0,1,0,24.15,,3,3,2,2
110,111,0.0,1,1,47.0,0,0,52.0,C110,1,1,1,3
111,112,0.0,3,2,14.5,1,0,14.4542,,2,3,2,1
112,113,0.0,3,1,22.0,0,0,8.05,,1,1,1,2
113,114,0.0,3,2,20.0,1,0,9.825,,1,3,2,2
114,115,0.0,3,2,17.0,0,0,14.4583,,2,3,1,2
115,116,0.0,3,1,21.0,0,0,7.925,,1,1,1,2
116,117,0.0,3,1,70.5,0,0,7.75,,3,1,1,5
117,118,0.0,2,1,29.0,1,0,21.0,,1,1,2,2
118,119,0.0,1,1,24.0,0,1,247.5208,B58 B60,2,1,2,2
119,120,0.0,3,2,2.0,4,2,31.275,,1,3,7,1
120,121,0.0,2,1,21.0,2,0,73.5,,1,1,3,2
121,122,0.0,3,1,28.0,0,0,8.05,,1,1,1,2
122,123,0.0,2,1,32.5,1,0,30.0708,,2,1,2,2
123,124,1.0,2,2,32.5,0,0,13.0,E101,1,3,1,2
124,125,0.0,1,1,54.0,0,1,77.2875,D26,1,1,2,3
125,126,1.0,3,1,12.0,1,0,11.2417,,2,4,2,1
126,127,0.0,3,1,28.0,0,0,7.75,,3,1,1,2
127,128,1.0,3,1,24.0,0,0,7.1417,,1,1,1,2
128,129,1.0,3,2,28.0,1,1,22.3583,F E69,2,3,3,2
129,130,0.0,3,1,45.0,0,0,6.975,,1,1,1,2
130,131,0.0,3,1,33.0,0,0,7.8958,,2,1,1,2
131,132,0.0,3,1,20.0,0,0,7.05,,1,1,1,2
132,133,0.0,3,2,47.0,1,0,14.5,,1,2,2,3
133,134,1.0,2,2,29.0,1,0,26.0,,1,2,2,2
134,135,0.0,2,1,25.0,0,0,13.0,,1,1,1,2
135,136,0.0,2,1,23.0,0,0,15.0458,,2,1,1,2
136,137,1.0,1,2,19.0,0,2,26.2833,D47,1,3,3,2
137,138,0.0,1,1,37.0,1,0,53.1,C123,1,1,2,2
138,139,0.0,3,1,16.0,0,0,9.2167,,1,1,1,2
139,140,0.0,1,1,24.0,0,0,79.2,B86,2,1,1,2
140,141,0.0,3,2,28.0,0,2,15.2458,,2,2,3,2
141,142,1.0,3,2,22.0,0,0,7.75,,1,3,1,2
142,143,1.0,3,2,24.0,1,0,15.85,,1,2,2,2
143,144,0.0,3,1,19.0,0,0,6.75,,3,1,1,2
144,145,0.0,2,1,18.0,0,0,11.5,,1,1,1,2
145,146,0.0,2,1,19.0,1,1,36.75,,1,1,3,2
146,147,1.0,3,1,27.0,0,0,7.7958,,1,1,1,2
147,148,0.0,3,2,9.0,2,2,34.375,,1,3,5,1
148,149,0.0,2,1,36.5,0,2,26.0,F2,1,1,3,2
149,150,0.0,2,1,42.0,0,0,13.0,,1,Rev,1,2
150,151,0.0,2,1,51.0,0,0,12.525,,1,Rev,1,3
151,152,1.0,1,2,22.0,1,0,66.6,C2,1,2,2,2
152,153,0.0,3,1,55.5,0,0,8.05,,1,1,1,4
153,154,0.0,3,1,40.5,0,2,14.5,,1,1,3,2
154,155,0.0,3,1,28.0,0,0,7.3125,,1,1,1,2
155,156,0.0,1,1,51.0,0,1,61.3792,,2,1,2,3
156,157,1.0,3,2,16.0,0,0,7.7333,,3,3,1,2
157,158,0.0,3,1,30.0,0,0,8.05,,1,1,1,2
158,159,0.0,3,1,28.0,0,0,8.6625,,1,1,1,2
159,160,0.0,3,1,28.0,8,2,69.55,,1,4,11,2
160,161,0.0,3,1,44.0,0,1,16.1,,1,1,2,2
161,162,1.0,2,2,40.0,0,0,15.75,,1,2,1,2
162,163,0.0,3,1,26.0,0,0,7.775,,1,1,1,2
163,164,0.0,3,1,17.0,0,0,8.6625,,1,1,1,2
164,165,0.0,3,1,1.0,4,1,39.6875,,1,4,6,1
165,166,1.0,3,1,9.0,0,2,20.525,,1,4,3,1
166,167,1.0,1,2,28.0,0,1,55.0,E33,1,2,2,2
167,168,0.0,3,2,45.0,1,4,27.9,,1,2,6,2
168,169,0.0,1,1,28.0,0,0,25.925,,1,1,1,2
169,170,0.0,3,1,28.0,0,0,56.4958,,1,1,1,2
170,171,0.0,1,1,61.0,0,0,33.5,B19,1,1,1,4
171,172,0.0,3,1,4.0,4,1,29.125,,3,4,6,1
172,173,1.0,3,2,1.0,1,1,11.1333,,1,3,3,1
173,174,0.0,3,1,21.0,0,0,7.925,,1,1,1,2
174,175,0.0,1,1,56.0,0,0,30.6958,A7,2,1,1,4
175,176,0.0,3,1,18.0,1,1,7.8542,,1,1,3,2
176,177,0.0,3,1,28.0,3,1,25.4667,,1,4,5,2
177,178,0.0,1,2,50.0,0,0,28.7125,C49,2,3,1,3
178,179,0.0,2,1,30.0,0,0,13.0,,1,1,1,2
179,180,0.0,3,1,36.0,0,0,0.0,,1,1,1,2
180,181,0.0,3,2,28.0,8,2,69.55,,1,3,11,2
181,182,0.0,2,1,28.0,0,0,15.05,,2,1,1,2
182,183,0.0,3,1,9.0,4,2,31.3875,,1,4,7,1
183,184,1.0,2,1,1.0,2,1,39.0,F4,1,4,4,1
184,185,1.0,3,2,4.0,0,2,22.025,,1,3,3,1
185,186,0.0,1,1,28.0,0,0,50.0,A32,1,1,1,2
186,187,1.0,3,2,28.0,1,0,15.5,,3,2,2,2
187,188,1.0,1,1,45.0,0,0,26.55,,1,1,1,2
188,189,0.0,3,1,40.0,1,1,15.5,,3,1,3,2
189,190,0.0,3,1,36.0,0,0,7.8958,,1,1,1,2
190,191,1.0,2,2,32.0,0,0,13.0,,1,2,1,2
191,192,0.0,2,1,19.0,0,0,13.0,,1,1,1,2
192,193,1.0,3,2,19.0,1,0,7.8542,,1,3,2,2
193,194,1.0,2,1,3.0,1,1,26.0,F2,1,4,3,1
194,195,1.0,1,2,44.0,0,0,27.7208,B4,2,2,1,2
195,196,1.0,1,2,58.0,0,0,146.5208,B80,2,3,1,4
196,197,0.0,3,1,28.0,0,0,7.75,,3,1,1,2
197,198,0.0,3,1,42.0,0,1,8.4042,,1,1,2,2
198,199,1.0,3,2,28.0,0,0,7.75,,3,3,1,2
199,200,0.0,2,2,24.0,0,0,13.0,,1,3,1,2
200,201,0.0,3,1,28.0,0,0,9.5,,1,1,1,2
201,202,0.0,3,1,28.0,8,2,69.55,,1,1,11,2
202,203,0.0,3,1,34.0,0,0,6.4958,,1,1,1,2
203,204,0.0,3,1,45.5,0,0,7.225,,2,1,1,3
204,205,1.0,3,1,18.0,0,0,8.05,,1,1,1,2
205,206,0.0,3,2,2.0,0,1,10.4625,G6,1,3,2,1
206,207,0.0,3,1,32.0,1,0,15.85,,1,1,2,2
207,208,1.0,3,1,26.0,0,0,18.7875,,2,1,1,2
208,209,1.0,3,2,16.0,0,0,7.75,,3,3,1,2
209,210,1.0,1,1,40.0,0,0,31.0,A31,2,1,1,2
210,211,0.0,3,1,24.0,0,0,7.05,,1,1,1,2
211,212,1.0,2,2,35.0,0,0,21.0,,1,3,1,2
212,213,0.0,3,1,22.0,0,0,7.25,,1,1,1,2
213,214,0.0,2,1,30.0,0,0,13.0,,1,1,1,2
214,215,0.0,3,1,28.0,1,0,7.75,,3,1,2,2
215,216,1.0,1,2,31.0,1,0,113.275,D36,2,3,2,2
216,217,1.0,3,2,27.0,0,0,7.925,,1,3,1,2
217,218,0.0,2,1,42.0,1,0,27.0,,1,1,2,2
218,219,1.0,1,2,32.0,0,0,76.2917,D15,2,3,1,2
219,220,0.0,2,1,30.0,0,0,10.5,,1,1,1,2
220,221,1.0,3,1,16.0,0,0,8.05,,1,1,1,2
221,222,0.0,2,1,27.0,0,0,13.0,,1,1,1,2
222,223,0.0,3,1,51.0,0,0,8.05,,1,1,1,3
223,224,0.0,3,1,28.0,0,0,7.8958,,1,1,1,2
224,225,1.0,1,1,38.0,1,0,90.0,C93,1,1,2,2
225,226,0.0,3,1,22.0,0,0,9.35,,1,1,1,2
226,227,1.0,2,1,19.0,0,0,10.5,,1,1,1,2
227,228,0.0,3,1,20.5,0,0,7.25,,1,1,1,2
228,229,0.0,2,1,18.0,0,0,13.0,,1,1,1,2
229,230,0.0,3,2,28.0,3,1,25.4667,,1,3,5,2
230,231,1.0,1,2,35.0,1,0,83.475,C83,1,2,2,2
231,232,0.0,3,1,29.0,0,0,7.775,,1,1,1,2
232,233,0.0,2,1,59.0,0,0,13.5,,1,1,1,4
233,234,1.0,3,2,5.0,4,2,31.3875,,1,3,7,1
234,235,0.0,2,1,24.0,0,0,10.5,,1,1,1,2
235,236,0.0,3,2,28.0,0,0,7.55,,1,3,1,2
236,237,0.0,2,1,44.0,1,0,26.0,,1,1,2,2
237,238,1.0,2,2,8.0,0,2,26.25,,1,3,3,1
238,239,0.0,2,1,19.0,0,0,10.5,,1,1,1,2
239,240,0.0,2,1,33.0,0,0,12.275,,1,1,1,2
240,241,0.0,3,2,28.0,1,0,14.4542,,2,3,2,2
241,242,1.0,3,2,28.0,1,0,15.5,,3,3,2,2
242,243,0.0,2,1,29.0,0,0,10.5,,1,1,1,2
243,244,0.0,3,1,22.0,0,0,7.125,,1,1,1,2
244,245,0.0,3,1,30.0,0,0,7.225,,2,1,1,2
245,246,0.0,1,1,44.0,2,0,90.0,C78,3,Dr,3,2
246,247,0.0,3,2,25.0,0,0,7.775,,1,3,1,2
247,248,1.0,2,2,24.0,0,2,14.5,,1,2,3,2
248,249,1.0,1,1,37.0,1,1,52.5542,D35,1,1,3,2
249,250,0.0,2,1,54.0,1,0,26.0,,1,Rev,2,3
250,251,0.0,3,1,28.0,0,0,7.25,,1,1,1,2
251,252,0.0,3,2,29.0,1,1,10.4625,G6,1,2,3,2
252,253,0.0,1,1,62.0,0,0,26.55,C87,1,1,1,4
253,254,0.0,3,1,30.0,1,0,16.1,,1,1,2,2
254,255,0.0,3,2,41.0,0,2,20.2125,,1,2,3,2
255,256,1.0,3,2,29.0,0,2,15.2458,,2,2,3,2
256,257,1.0,1,2,28.0,0,0,79.2,,2,2,1,2
257,258,1.0,1,2,30.0,0,0,86.5,B77,1,3,1,2
258,259,1.0,1,2,35.0,0,0,512.3292,,2,3,1,2
259,260,1.0,2,2,50.0,0,1,26.0,,1,2,2,3
260,261,0.0,3,1,28.0,0,0,7.75,,3,1,1,2
261,262,1.0,3,1,3.0,4,2,31.3875,,1,4,7,1
262,263,0.0,1,1,52.0,1,1,79.65,E67,1,1,3,3
263,264,0.0,1,1,40.0,0,0,0.0,B94,1,1,1,2
264,265,0.0,3,2,28.0,0,0,7.75,,3,3,1,2
265,266,0.0,2,1,36.0,0,0,10.5,,1,1,1,2
266,267,0.0,3,1,16.0,4,1,39.6875,,1,1,6,2
267,268,1.0,3,1,25.0,1,0,7.775,,1,1,2,2
268,269,1.0,1,2,58.0,0,1,153.4625,C125,1,2,2,4
269,270,1.0,1,2,35.0,0,0,135.6333,C99,1,3,1,2
270,271,0.0,1,1,28.0,0,0,31.0,,1,1,1,2
271,272,1.0,3,1,25.0,0,0,0.0,,1,1,1,2
272,273,1.0,2,2,41.0,0,1,19.5,,1,2,2,2
273,274,0.0,1,1,37.0,0,1,29.7,C118,2,1,2,2
274,275,1.0,3,2,28.0,0,0,7.75,,3,3,1,2
275,276,1.0,1,2,63.0,1,0,77.9583,D7,1,3,2,4
276,277,0.0,3,2,45.0,0,0,7.75,,1,3,1,2
277,278,0.0,2,1,28.0,0,0,0.0,,1,1,1,2
278,279,0.0,3,1,7.0,4,1,29.125,,3,4,6,1
279,280,1.0,3,2,35.0,1,1,20.25,,1,2,3,2
280,281,0.0,3,1,65.0,0,0,7.75,,3,1,1,4
281,282,0.0,3,1,28.0,0,0,7.8542,,1,1,1,2
282,283,0.0,3,1,16.0,0,0,9.5,,1,1,1,2
283,284,1.0,3,1,19.0,0,0,8.05,,1,1,1,2
284,285,0.0,1,1,28.0,0,0,26.0,A19,1,1,1,2
285,286,0.0,3,1,33.0,0,0,8.6625,,2,1,1,2
286,287,1.0,3,1,30.0,0,0,9.5,,1,1,1,2
287,288,0.0,3,1,22.0,0,0,7.8958,,1,1,1,2
288,289,1.0,2,1,42.0,0,0,13.0,,1,1,1,2
289,290,1.0,3,2,22.0,0,0,7.75,,3,3,1,2
290,291,1.0,1,2,26.0,0,0,78.85,,1,3,1,2
291,292,1.0,1,2,19.0,1,0,91.0792,B49,2,2,2,2
292,293,0.0,2,1,36.0,0,0,12.875,D,2,1,1,2
293,294,0.0,3,2,24.0,0,0,8.85,,1,3,1,2
294,295,0.0,3,1,24.0,0,0,7.8958,,1,1,1,2
295,296,0.0,1,1,28.0,0,0,27.7208,,2,1,1,2
296,297,0.0,3,1,23.5,0,0,7.2292,,2,1,1,2
297,298,0.0,1,2,2.0,1,2,151.55,C22 C26,1,3,4,1
298,299,1.0,1,1,28.0,0,0,30.5,C106,1,1,1,2
299,300,1.0,1,2,50.0,0,1,247.5208,B58 B60,2,2,2,3
300,301,1.0,3,2,28.0,0,0,7.75,,3,3,1,2
301,302,1.0,3,1,28.0,2,0,23.25,,3,1,3,2
302,303,0.0,3,1,19.0,0,0,0.0,,1,1,1,2
303,304,1.0,2,2,28.0,0,0,12.35,E101,3,3,1,2
304,305,0.0,3,1,28.0,0,0,8.05,,1,1,1,2
305,306,1.0,1,1,0.92,1,2,151.55,C22 C26,1,4,4,1
306,307,1.0,1,2,28.0,0,0,110.8833,,2,3,1,2
307,308,1.0,1,2,17.0,1,0,108.9,C65,2,2,2,2
308,309,0.0,2,1,30.0,1,0,24.0,,2,1,2,2
309,310,1.0,1,2,30.0,0,0,56.9292,E36,2,3,1,2
310,311,1.0,1,2,24.0,0,0,83.1583,C54,2,3,1,2
311,312,1.0,1,2,18.0,2,2,262.375,B57 B59 B63 B66,2,3,5,2
312,313,0.0,2,2,26.0,1,1,26.0,,1,2,3,2
313,314,0.0,3,1,28.0,0,0,7.8958,,1,1,1,2
314,315,0.0,2,1,43.0,1,1,26.25,,1,1,3,2
315,316,1.0,3,2,26.0,0,0,7.8542,,1,3,1,2
316,317,1.0,2,2,24.0,1,0,26.0,,1,2,2,2
317,318,0.0,2,1,54.0,0,0,14.0,,1,Dr,1,3
318,319,1.0,1,2,31.0,0,2,164.8667,C7,1,3,3,2
319,320,1.0,1,2,40.0,1,1,134.5,E34,2,2,3,2
320,321,0.0,3,1,22.0,0,0,7.25,,1,1,1,2
321,322,0.0,3,1,27.0,0,0,7.8958,,1,1,1,2
322,323,1.0,2,2,30.0,0,0,12.35,,3,3,1,2
323,324,1.0,2,2,22.0,1,1,29.0,,1,2,3,2
324,325,0.0,3,1,28.0,8,2,69.55,,1,1,11,2
325,326,1.0,1,2,36.0,0,0,135.6333,C32,2,3,1,2
326,327,0.0,3,1,61.0,0,0,6.2375,,1,1,1,4
327,328,1.0,2,2,36.0,0,0,13.0,D,1,2,1,2
328,329,1.0,3,2,31.0,1,1,20.525,,1,2,3,2
329,330,1.0,1,2,16.0,0,1,57.9792,B18,2,3,2,2
330,331,1.0,3,2,28.0,2,0,23.25,,3,3,3,2
331,332,0.0,1,1,45.5,0,0,28.5,C124,1,1,1,3
332,333,0.0,1,1,38.0,0,1,153.4625,C91,1,1,2,2
333,334,0.0,3,1,16.0,2,0,18.0,,1,1,3,2
334,335,1.0,1,2,28.0,1,0,133.65,,1,2,2,2
335,336,0.0,3,1,28.0,0,0,7.8958,,1,1,1,2
336,337,0.0,1,1,29.0,1,0,66.6,C2,1,1,2,2
337,338,1.0,1,2,41.0,0,0,134.5,E40,2,3,1,2
338,339,1.0,3,1,45.0,0,0,8.05,,1,1,1,2
339,340,0.0,1,1,45.0,0,0,35.5,T,1,1,1,2
340,341,1.0,2,1,2.0,1,1,26.0,F2,1,4,3,1
341,342,1.0,1,2,24.0,3,2,263.0,C23 C25 C27,1,3,6,2
342,343,0.0,2,1,28.0,0,0,13.0,,1,1,1,2
343,344,0.0,2,1,25.0,0,0,13.0,,1,1,1,2
344,345,0.0,2,1,36.0,0,0,13.0,,1,1,1,2
345,346,1.0,2,2,24.0,0,0,13.0,F33,1,3,1,2
346,347,1.0,2,2,40.0,0,0,13.0,,1,3,1,2
347,348,1.0,3,2,28.0,1,0,16.1,,1,2,2,2
348,349,1.0,3,1,3.0,1,1,15.9,,1,4,3,1
349,350,0.0,3,1,42.0,0,0,8.6625,,1,1,1,2
350,351,0.0,3,1,23.0,0,0,9.225,,1,1,1,2
351,352,0.0,1,1,28.0,0,0,35.0,C128,1,1,1,2
352,353,0.0,3,1,15.0,1,1,7.2292,,2,1,3,1
353,354,0.0,3,1,25.0,1,0,17.8,,1,1,2,2
354,355,0.0,3,1,28.0,0,0,7.225,,2,1,1,2
355,356,0.0,3,1,28.0,0,0,9.5,,1,1,1,2
356,357,1.0,1,2,22.0,0,1,55.0,E33,1,3,2,2
357,358,0.0,2,2,38.0,0,0,13.0,,1,3,1,2
358,359,1.0,3,2,28.0,0,0,7.8792,,3,3,1,2
359,360,1.0,3,2,28.0,0,0,7.8792,,3,3,1,2
360,361,0.0,3,1,40.0,1,4,27.9,,1,1,6,2
361,362,0.0,2,1,29.0,1,0,27.7208,,2,1,2,2
362,363,0.0,3,2,45.0,0,1,14.4542,,2,2,2,2
363,364,0.0,3,1,35.0,0,0,7.05,,1,1,1,2
364,365,0.0,3,1,28.0,1,0,15.5,,3,1,2,2
365,366,0.0,3,1,30.0,0,0,7.25,,1,1,1,2
366,367,1.0,1,2,60.0,1,0,75.25,D37,2,2,2,4
367,368,1.0,3,2,28.0,0,0,7.2292,,2,2,1,2
368,369,1.0,3,2,28.0,0,0,7.75,,3,3,1,2
369,370,1.0,1,2,24.0,0,0,69.3,B35,2,5,1,2
370,371,1.0,1,1,25.0,1,0,55.4417,E50,2,1,2,2
371,372,0.0,3,1,18.0,1,0,6.4958,,1,1,2,2
372,373,0.0,3,1,19.0,0,0,8.05,,1,1,1,2
373,374,0.0,1,1,22.0,0,0,135.6333,,2,1,1,2
374,375,0.0,3,2,3.0,3,1,21.075,,1,3,5,1
375,376,1.0,1,2,28.0,1,0,82.1708,,2,2,2,2
376,377,1.0,3,2,22.0,0,0,7.25,,1,3,1,2
377,378,0.0,1,1,27.0,0,2,211.5,C82,2,1,3,2
378,379,0.0,3,1,20.0,0,0,4.0125,,2,1,1,2
379,380,0.0,3,1,19.0,0,0,7.775,,1,1,1,2
380,381,1.0,1,2,42.0,0,0,227.525,,2,3,1,2
381,382,1.0,3,2,1.0,0,2,15.7417,,2,3,3,1
382,383,0.0,3,1,32.0,0,0,7.925,,1,1,1,2
383,384,1.0,1,2,35.0,1,0,52.0,,1,2,2,2
384,385,0.0,3,1,28.0,0,0,7.8958,,1,1,1,2
385,386,0.0,2,1,18.0,0,0,73.5,,1,1,1,2
386,387,0.0,3,1,1.0,5,2,46.9,,1,4,8,1
387,388,1.0,2,2,36.0,0,0,13.0,,1,3,1,2
388,389,0.0,3,1,28.0,0,0,7.7292,,3,1,1,2
389,390,1.0,2,2,17.0,0,0,12.0,,2,3,1,2
390,391,1.0,1,1,36.0,1,2,120.0,B96 B98,1,1,4,2
391,392,1.0,3,1,21.0,0,0,7.7958,,1,1,1,2
392,393,0.0,3,1,28.0,2,0,7.925,,1,1,3,2
393,394,1.0,1,2,23.0,1,0,113.275,D36,2,3,2,2
394,395,1.0,3,2,24.0,0,2,16.7,G6,1,2,3,2
395,396,0.0,3,1,22.0,0,0,7.7958,,1,1,1,2
396,397,0.0,3,2,31.0,0,0,7.8542,,1,3,1,2
397,398,0.0,2,1,46.0,0,0,26.0,,1,1,1,3
398,399,0.0,2,1,23.0,0,0,10.5,,1,Dr,1,2
399,400,1.0,2,2,28.0,0,0,12.65,,1,2,1,2
400,401,1.0,3,1,39.0,0,0,7.925,,1,1,1,2
401,402,0.0,3,1,26.0,0,0,8.05,,1,1,1,2
402,403,0.0,3,2,21.0,1,0,9.825,,1,3,2,2
403,404,0.0,3,1,28.0,1,0,15.85,,1,1,2,2
404,405,0.0,3,2,20.0,0,0,8.6625,,1,3,1,2
405,406,0.0,2,1,34.0,1,0,21.0,,1,1,2,2
406,407,0.0,3,1,51.0,0,0,7.75,,1,1,1,3
407,408,1.0,2,1,3.0,1,1,18.75,,1,4,3,1
408,409,0.0,3,1,21.0,0,0,7.775,,1,1,1,2
409,410,0.0,3,2,28.0,3,1,25.4667,,1,3,5,2
410,411,0.0,3,1,28.0,0,0,7.8958,,1,1,1,2
411,412,0.0,3,1,28.0,0,0,6.8583,,3,1,1,2
412,413,1.0,1,2,33.0,1,0,90.0,C78,3,3,2,2
413,414,0.0,2,1,28.0,0,0,0.0,,1,1,1,2
414,415,1.0,3,1,44.0,0,0,7.925,,1,1,1,2
415,416,0.0,3,2,28.0,0,0,8.05,,1,2,1,2
416,417,1.0,2,2,34.0,1,1,32.5,,1,2,3,2
417,418,1.0,2,2,18.0,0,2,13.0,,1,3,3,2
418,419,0.0,2,1,30.0,0,0,13.0,,1,1,1,2
419,420,0.0,3,2,10.0,0,2,24.15,,1,3,3,1
420,421,0.0,3,1,28.0,0,0,7.8958,,2,1,1,2
421,422,0.0,3,1,21.0,0,0,7.7333,,3,1,1,2
422,423,0.0,3,1,29.0,0,0,7.875,,1,1,1,2
423,424,0.0,3,2,28.0,1,1,14.4,,1,2,3,2
424,425,0.0,3,1,18.0,1,1,20.2125,,1,1,3,2
425,426,0.0,3,1,28.0,0,0,7.25,,1,1,1,2
426,427,1.0,2,2,28.0,1,0,26.0,,1,2,2,2
427,428,1.0,2,2,19.0,0,0,26.0,,1,3,1,2
428,429,0.0,3,1,28.0,0,0,7.75,,3,1,1,2
429,430,1.0,3,1,32.0,0,0,8.05,E10,1,1,1,2
430,431,1.0,1,1,28.0,0,0,26.55,C52,1,1,1,2
431,432,1.0,3,2,28.0,1,0,16.1,,1,2,2,2
432,433,1.0,2,2,42.0,1,0,26.0,,1,2,2,2
433,434,0.0,3,1,17.0,0,0,7.125,,1,1,1,2
434,435,0.0,1,1,50.0,1,0,55.9,E44,1,1,2,3
435,436,1.0,1,2,14.0,1,2,120.0,B96 B98,1,3,4,1
436,437,0.0,3,2,21.0,2,2,34.375,,1,3,5,2
437,438,1.0,2,2,24.0,2,3,18.75,,1,2,6,2
438,439,0.0,1,1,64.0,1,4,263.0,C23 C25 C27,1,1,6,4
439,440,0.0,2,1,31.0,0,0,10.5,,1,1,1,2
440,441,1.0,2,2,45.0,1,1,26.25,,1,2,3,2
441,442,0.0,3,1,20.0,0,0,9.5,,1,1,1,2
442,443,0.0,3,1,25.0,1,0,7.775,,1,1,2,2
443,444,1.0,2,2,28.0,0,0,13.0,,1,5,1,2
444,445,1.0,3,1,28.0,0,0,8.1125,,1,1,1,2
445,446,1.0,1,1,4.0,0,2,81.8583,A34,1,4,3,1
446,447,1.0,2,2,13.0,0,1,19.5,,1,3,2,1
447,448,1.0,1,1,34.0,0,0,26.55,,1,1,1,2
448,449,1.0,3,2,5.0,2,1,19.2583,,2,3,4,1
449,450,1.0,1,1,52.0,0,0,30.5,C104,1,5,1,3
450,451,0.0,2,1,36.0,1,2,27.75,,1,1,4,2
451,452,0.0,3,1,28.0,1,0,19.9667,,1,1,2,2
452,453,0.0,1,1,30.0,0,0,27.75,C111,2,1,1,2
453,454,1.0,1,1,49.0,1,0,89.1042,C92,2,1,2,3
454,455,0.0,3,1,28.0,0,0,8.05,,1,1,1,2
455,456,1.0,3,1,29.0,0,0,7.8958,,2,1,1,2
456,457,0.0,1,1,65.0,0,0,26.55,E38,1,1,1,4
457,458,1.0,1,2,28.0,1,0,51.8625,D21,1,2,2,2
458,459,1.0,2,2,50.0,0,0,10.5,,1,3,1,3
459,460,0.0,3,1,28.0,0,0,7.75,,3,1,1,2
460,461,1.0,1,1,48.0,0,0,26.55,E12,1,1,1,3
461,462,0.0,3,1,34.0,0,0,8.05,,1,1,1,2
462,463,0.0,1,1,47.0,0,0,38.5,E63,1,1,1,3
463,464,0.0,2,1,48.0,0,0,13.0,,1,1,1,3
464,465,0.0,3,1,28.0,0,0,8.05,,1,1,1,2
465,466,0.0,3,1,38.0,0,0,7.05,,1,1,1,2
466,467,0.0,2,1,28.0,0,0,0.0,,1,1,1,2
467,468,0.0,1,1,56.0,0,0,26.55,,1,1,1,4
468,469,0.0,3,1,28.0,0,0,7.725,,3,1,1,2
469,470,1.0,3,2,0.75,2,1,19.2583,,2,3,4,1
470,471,0.0,3,1,28.0,0,0,7.25,,1,1,1,2
471,472,0.0,3,1,38.0,0,0,8.6625,,1,1,1,2
472,473,1.0,2,2,33.0,1,2,27.75,,1,2,4,2
473,474,1.0,2,2,23.0,0,0,13.7917,D,2,2,1,2
474,475,0.0,3,2,22.0,0,0,9.8375,,1,3,1,2
475,476,0.0,1,1,28.0,0,0,52.0,A14,1,1,1,2
476,477,0.0,2,1,34.0,1,0,21.0,,1,1,2,2
477,478,0.0,3,1,29.0,1,0,7.0458,,1,1,2,2
478,479,0.0,3,1,22.0,0,0,7.5208,,1,1,1,2
479,480,1.0,3,2,2.0,0,1,12.2875,,1,3,2,1
480,481,0.0,3,1,9.0,5,2,46.9,,1,4,8,1
481,482,0.0,2,1,28.0,0,0,0.0,,1,1,1,2
482,483,0.0,3,1,50.0,0,0,8.05,,1,1,1,3
483,484,1.0,3,2,63.0,0,0,9.5875,,1,2,1,4
484,485,1.0,1,1,25.0,1,0,91.0792,B49,2,1,2,2
485,486,0.0,3,2,28.0,3,1,25.4667,,1,3,5,2
486,487,1.0,1,2,35.0,1,0,90.0,C93,1,2,2,2
487,488,0.0,1,1,58.0,0,0,29.7,B37,2,1,1,4
488,489,0.0,3,1,30.0,0,0,8.05,,1,1,1,2
489,490,1.0,3,1,9.0,1,1,15.9,,1,4,3,1
490,491,0.0,3,1,28.0,1,0,19.9667,,1,1,2,2
491,492,0.0,3,1,21.0,0,0,7.25,,1,1,1,2
492,493,0.0,1,1,55.0,0,0,30.5,C30,1,1,1,3
493,494,0.0,1,1,71.0,0,0,49.5042,,2,1,1,5
494,495,0.0,3,1,21.0,0,0,8.05,,1,1,1,2
495,496,0.0,3,1,28.0,0,0,14.4583,,2,1,1,2
496,497,1.0,1,2,54.0,1,0,78.2667,D20,2,3,2,3
497,498,0.0,3,1,28.0,0,0,15.1,,1,1,1,2
498,499,0.0,1,2,25.0,1,2,151.55,C22 C26,1,2,4,2
499,500,0.0,3,1,24.0,0,0,7.7958,,1,1,1,2
500,501,0.0,3,1,17.0,0,0,8.6625,,1,1,1,2
501,502,0.0,3,2,21.0,0,0,7.75,,3,3,1,2
502,503,0.0,3,2,28.0,0,0,7.6292,,3,3,1,2
503,504,0.0,3,2,37.0,0,0,9.5875,,1,3,1,2
504,505,1.0,1,2,16.0,0,0,86.5,B79,1,3,1,2
505,506,0.0,1,1,18.0,1,0,108.9,C65,2,1,2,2
506,507,1.0,2,2,33.0,0,2,26.0,,1,2,3,2
507,508,1.0,1,1,28.0,0,0,26.55,,1,1,1,2
508,509,0.0,3,1,28.0,0,0,22.525,,1,1,1,2
509,510,1.0,3,1,26.0,0,0,56.4958,,1,1,1,2
510,511,1.0,3,1,29.0,0,0,7.75,,3,1,1,2
511,512,0.0,3,1,28.0,0,0,8.05,,1,1,1,2
512,513,1.0,1,1,36.0,0,0,26.2875,E25,1,1,1,2
513,514,1.0,1,2,54.0,1,0,59.4,,2,2,2,3
514,515,0.0,3,1,24.0,0,0,7.4958,,1,1,1,2
515,516,0.0,1,1,47.0,0,0,34.0208,D46,1,1,1,3
516,517,1.0,2,2,34.0,0,0,10.5,F33,1,2,1,2
517,518,0.0,3,1,28.0,0,0,24.15,,3,1,1,2
518,519,1.0,2,2,36.0,1,0,26.0,,1,2,2,2
519,520,0.0,3,1,32.0,0,0,7.8958,,1,1,1,2
520,521,1.0,1,2,30.0,0,0,93.5,B73,1,3,1,2
521,522,0.0,3,1,22.0,0,0,7.8958,,1,1,1,2
522,523,0.0,3,1,28.0,0,0,7.225,,2,1,1,2
523,524,1.0,1,2,44.0,0,1,57.9792,B18,2,2,2,2
524,525,0.0,3,1,28.0,0,0,7.2292,,2,1,1,2
525,526,0.0,3,1,40.5,0,0,7.75,,3,1,1,2
526,527,1.0,2,2,50.0,0,0,10.5,,1,3,1,3
527,528,0.0,1,1,28.0,0,0,221.7792,C95,1,1,1,2
528,529,0.0,3,1,39.0,0,0,7.925,,1,1,1,2
529,530,0.0,2,1,23.0,2,1,11.5,,1,1,4,2
530,531,1.0,2,2,2.0,1,1,26.0,,1,3,3,1
531,532,0.0,3,1,28.0,0,0,7.2292,,2,1,1,2
532,533,0.0,3,1,17.0,1,1,7.2292,,2,1,3,2
533,534,1.0,3,2,28.0,0,2,22.3583,,2,2,3,2
534,535,0.0,3,2,30.0,0,0,8.6625,,1,3,1,2
535,536,1.0,2,2,7.0,0,2,26.25,,1,3,3,1
536,537,0.0,1,1,45.0,0,0,26.55,B38,1,5,1,2
537,538,1.0,1,2,30.0,0,0,106.425,,2,3,1,2
538,539,0.0,3,1,28.0,0,0,14.5,,1,1,1,2
539,540,1.0,1,2,22.0,0,2,49.5,B39,2,3,3,2
540,541,1.0,1,2,36.0,0,2,71.0,B22,1,3,3,2
541,542,0.0,3,2,9.0,4,2,31.275,,1,3,7,1
542,543,0.0,3,2,11.0,4,2,31.275,,1,3,7,1
543,544,1.0,2,1,32.0,1,0,26.0,,1,1,2,2
544,545,0.0,1,1,50.0,1,0,106.425,C86,2,1,2,3
545,546,0.0,1,1,64.0,0,0,26.0,,1,1,1,4
546,547,1.0,2,2,19.0,1,0,26.0,,1,2,2,2
547,548,1.0,2,1,28.0,0,0,13.8625,,2,1,1,2
548,549,0.0,3,1,33.0,1,1,20.525,,1,1,3,2
549,550,1.0,2,1,8.0,1,1,36.75,,1,4,3,1
550,551,1.0,1,1,17.0,0,2,110.8833,C70,2,1,3,2
551,552,0.0,2,1,27.0,0,0,26.0,,1,1,1,2
552,553,0.0,3,1,28.0,0,0,7.8292,,3,1,1,2
553,554,1.0,3,1,22.0,0,0,7.225,,2,1,1,2
554,555,1.0,3,2,22.0,0,0,7.775,,1,3,1,2
555,556,0.0,1,1,62.0,0,0,26.55,,1,1,1,4
556,557,1.0,1,2,48.0,1,0,39.6,A16,2,5,2,3
557,558,0.0,1,1,28.0,0,0,227.525,,2,1,1,2
558,559,1.0,1,2,39.0,1,1,79.65,E67,1,2,3,2
559,560,1.0,3,2,36.0,1,0,17.4,,1,2,2,2
560,561,0.0,3,1,28.0,0,0,7.75,,3,1,1,2
561,562,0.0,3,1,40.0,0,0,7.8958,,1,1,1,2
562,563,0.0,2,1,28.0,0,0,13.5,,1,1,1,2
563,564,0.0,3,1,28.0,0,0,8.05,,1,1,1,2
564,565,0.0,3,2,28.0,0,0,8.05,,1,3,1,2
565,566,0.0,3,1,24.0,2,0,24.15,,1,1,3,2
566,567,0.0,3,1,19.0,0,0,7.8958,,1,1,1,2
567,568,0.0,3,2,29.0,0,4,21.075,,1,2,5,2
568,569,0.0,3,1,28.0,0,0,7.2292,,2,1,1,2
569,570,1.0,3,1,32.0,0,0,7.8542,,1,1,1,2
570,571,1.0,2,1,62.0,0,0,10.5,,1,1,1,4
571,572,1.0,1,2,53.0,2,0,51.4792,C101,1,2,3,3
572,573,1.0,1,1,36.0,0,0,26.3875,E25,1,1,1,2
573,574,1.0,3,2,28.0,0,0,7.75,,3,3,1,2
574,575,0.0,3,1,16.0,0,0,8.05,,1,1,1,2
575,576,0.0,3,1,19.0,0,0,14.5,,1,1,1,2
576,577,1.0,2,2,34.0,0,0,13.0,,1,3,1,2
577,578,1.0,1,2,39.0,1,0,55.9,E44,1,2,2,2
578,579,0.0,3,2,28.0,1,0,14.4583,,2,2,2,2
579,580,1.0,3,1,32.0,0,0,7.925,,1,1,1,2
580,581,1.0,2,2,25.0,1,1,30.0,,1,3,3,2
581,582,1.0,1,2,39.0,1,1,110.8833,C68,2,2,3,2
582,583,0.0,2,1,54.0,0,0,26.0,,1,1,1,3
583,584,0.0,1,1,36.0,0,0,40.125,A10,2,1,1,2
584,585,0.0,3,1,28.0,0,0,8.7125,,2,1,1,2
585,586,1.0,1,2,18.0,0,2,79.65,E68,1,3,3,2
586,587,0.0,2,1,47.0,0,0,15.0,,1,1,1,3
587,588,1.0,1,1,60.0,1,1,79.2,B41,2,1,3,4
588,589,0.0,3,1,22.0,0,0,8.05,,1,1,1,2
589,590,0.0,3,1,28.0,0,0,8.05,,1,1,1,2
590,591,0.0,3,1,35.0,0,0,7.125,,1,1,1,2
591,592,1.0,1,2,52.0,1,0,78.2667,D20,2,2,2,3
592,593,0.0,3,1,47.0,0,0,7.25,,1,1,1,3
593,594,0.0,3,2,28.0,0,2,7.75,,3,3,3,2
594,595,0.0,2,1,37.0,1,0,26.0,,1,1,2,2
595,596,0.0,3,1,36.0,1,1,24.15,,1,1,3,2
596,597,1.0,2,2,28.0,0,0,33.0,,1,3,1,2
597,598,0.0,3,1,49.0,0,0,0.0,,1,1,1,3
598,599,0.0,3,1,28.0,0,0,7.225,,2,1,1,2
599,600,1.0,1,1,49.0,1,0,56.9292,A20,2,5,2,3
600,601,1.0,2,2,24.0,2,1,27.0,,1,2,4,2
601,602,0.0,3,1,28.0,0,0,7.8958,,1,1,1,2
602,603,0.0,1,1,28.0,0,0,42.4,,1,1,1,2
603,604,0.0,3,1,44.0,0,0,8.05,,1,1,1,2
604,605,1.0,1,1,35.0,0,0,26.55,,2,1,1,2
605,606,0.0,3,1,36.0,1,0,15.55,,1,1,2,2
606,607,0.0,3,1,30.0,0,0,7.8958,,1,1,1,2
607,608,1.0,1,1,27.0,0,0,30.5,,1,1,1,2
608,609,1.0,2,2,22.0,1,2,41.5792,,2,2,4,2
609,610,1.0,1,2,40.0,0,0,153.4625,C125,1,3,1,2
610,611,0.0,3,2,39.0,1,5,31.275,,1,2,7,2
611,612,0.0,3,1,28.0,0,0,7.05,,1,1,1,2
612,613,1.0,3,2,28.0,1,0,15.5,,3,3,2,2
613,614,0.0,3,1,28.0,0,0,7.75,,3,1,1,2
614,615,0.0,3,1,35.0,0,0,8.05,,1,1,1,2
615,616,1.0,2,2,24.0,1,2,65.0,,1,3,4,2
616,617,0.0,3,1,34.0,1,1,14.4,,1,1,3,2
617,618,0.0,3,2,26.0,1,0,16.1,,1,2,2,2
618,619,1.0,2,2,4.0,2,1,39.0,F4,1,3,4,1
619,620,0.0,2,1,26.0,0,0,10.5,,1,1,1,2
620,621,0.0,3,1,27.0,1,0,14.4542,,2,1,2,2
621,622,1.0,1,1,42.0,1,0,52.5542,D19,1,1,2,2
622,623,1.0,3,1,20.0,1,1,15.7417,,2,1,3,2
623,624,0.0,3,1,21.0,0,0,7.8542,,1,1,1,2
624,625,0.0,3,1,21.0,0,0,16.1,,1,1,1,2
625,626,0.0,1,1,61.0,0,0,32.3208,D50,1,1,1,4
626,627,0.0,2,1,57.0,0,0,12.35,,3,Rev,1,4
627,628,1.0,1,2,21.0,0,0,77.9583,D9,1,3,1,2
628,629,0.0,3,1,26.0,0,0,7.8958,,1,1,1,2
629,630,0.0,3,1,28.0,0,0,7.7333,,3,1,1,2
630,631,1.0,1,1,80.0,0,0,30.0,A23,1,1,1,5
631,632,0.0,3,1,51.0,0,0,7.0542,,1,1,1,3
632,633,1.0,1,1,32.0,0,0,30.5,B50,2,Dr,1,2
633,634,0.0,1,1,28.0,0,0,0.0,,1,1,1,2
634,635,0.0,3,2,9.0,3,2,27.9,,1,3,6,1
635,636,1.0,2,2,28.0,0,0,13.0,,1,3,1,2
636,637,0.0,3,1,32.0,0,0,7.925,,1,1,1,2
637,638,0.0,2,1,31.0,1,1,26.25,,1,1,3,2
638,639,0.0,3,2,41.0,0,5,39.6875,,1,2,6,2
639,640,0.0,3,1,28.0,1,0,16.1,,1,1,2,2
640,641,0.0,3,1,20.0,0,0,7.8542,,1,1,1,2
641,642,1.0,1,2,24.0,0,0,69.3,B35,2,5,1,2
642,643,0.0,3,2,2.0,3,2,27.9,,1,3,6,1
643,644,1.0,3,1,28.0,0,0,56.4958,,1,1,1,2
644,645,1.0,3,2,0.75,2,1,19.2583,,2,3,4,1
645,646,1.0,1,1,48.0,1,0,76.7292,D33,2,1,2,3
646,647,0.0,3,1,19.0,0,0,7.8958,,1,1,1,2
647,648,1.0,1,1,56.0,0,0,35.5,A26,2,5,1,4
648,649,0.0,3,1,28.0,0,0,7.55,,1,1,1,2
649,650,1.0,3,2,23.0,0,0,7.55,,1,3,1,2
650,651,0.0,3,1,28.0,0,0,7.8958,,1,1,1,2
651,652,1.0,2,2,18.0,0,1,23.0,,1,3,2,2
652,653,0.0,3,1,21.0,0,0,8.4333,,1,1,1,2
653,654,1.0,3,2,28.0,0,0,7.8292,,3,3,1,2
654,655,0.0,3,2,18.0,0,0,6.75,,3,3,1,2
655,656,0.0,2,1,24.0,2,0,73.5,,1,1,3,2
656,657,0.0,3,1,28.0,0,0,7.8958,,1,1,1,2
657,658,0.0,3,2,32.0,1,1,15.5,,3,2,3,2
658,659,0.0,2,1,23.0,0,0,13.0,,1,1,1,2
659,660,0.0,1,1,58.0,0,2,113.275,D48,2,1,3,4
660,661,1.0,1,1,50.0,2,0,133.65,,1,Dr,3,3
661,662,0.0,3,1,40.0,0,0,7.225,,2,1,1,2
662,663,0.0,1,1,47.0,0,0,25.5875,E58,1,1,1,3
663,664,0.0,3,1,36.0,0,0,7.4958,,1,1,1,2
664,665,1.0,3,1,20.0,1,0,7.925,,1,1,2,2
665,666,0.0,2,1,32.0,2,0,73.5,,1,1,3,2
666,667,0.0,2,1,25.0,0,0,13.0,,1,1,1,2
667,668,0.0,3,1,28.0,0,0,7.775,,1,1,1,2
668,669,0.0,3,1,43.0,0,0,8.05,,1,1,1,2
669,670,1.0,1,2,28.0,1,0,52.0,C126,1,2,2,2
670,671,1.0,2,2,40.0,1,1,39.0,,1,2,3,2
671,672,0.0,1,1,31.0,1,0,52.0,B71,1,1,2,2
672,673,0.0,2,1,70.0,0,0,10.5,,1,1,1,5
673,674,1.0,2,1,31.0,0,0,13.0,,1,1,1,2
674,675,0.0,2,1,28.0,0,0,0.0,,1,1,1,2
675,676,0.0,3,1,18.0,0,0,7.775,,1,1,1,2
676,677,0.0,3,1,24.5,0,0,8.05,,1,1,1,2
677,678,1.0,3,2,18.0,0,0,9.8417,,1,3,1,2
678,679,0.0,3,2,43.0,1,6,46.9,,1,2,8,2
679,680,1.0,1,1,36.0,0,1,512.3292,B51 B53 B55,2,1,2,2
680,681,0.0,3,2,28.0,0,0,8.1375,,3,3,1,2
681,682,1.0,1,1,27.0,0,0,76.7292,D49,2,1,1,2
682,683,0.0,3,1,20.0,0,0,9.225,,1,1,1,2
683,684,0.0,3,1,14.0,5,2,46.9,,1,1,8,1
684,685,0.0,2,1,60.0,1,1,39.0,,1,1,3,4
685,686,0.0,2,1,25.0,1,2,41.5792,,2,1,4,2
686,687,0.0,3,1,14.0,4,1,39.6875,,1,1,6,1
687,688,0.0,3,1,19.0,0,0,10.1708,,1,1,1,2
688,689,0.0,3,1,18.0,0,0,7.7958,,1,1,1,2
689,690,1.0,1,2,15.0,0,1,211.3375,B5,1,3,2,1
690,691,1.0,1,1,31.0,1,0,57.0,B20,1,1,2,2
691,692,1.0,3,2,4.0,0,1,13.4167,,2,3,2,1
692,693,1.0,3,1,28.0,0,0,56.4958,,1,1,1,2
693,694,0.0,3,1,25.0,0,0,7.225,,2,1,1,2
694,695,0.0,1,1,60.0,0,0,26.55,,1,5,1,4
695,696,0.0,2,1,52.0,0,0,13.5,,1,1,1,3
696,697,0.0,3,1,44.0,0,0,8.05,,1,1,1,2
697,698,1.0,3,2,28.0,0,0,7.7333,,3,3,1,2
698,699,0.0,1,1,49.0,1,1,110.8833,C68,2,1,3,3
699,700,0.0,3,1,42.0,0,0,7.65,F G63,1,1,1,2
700,701,1.0,1,2,18.0,1,0,227.525,C62 C64,2,2,2,2
701,702,1.0,1,1,35.0,0,0,26.2875,E24,1,1,1,2
702,703,0.0,3,2,18.0,0,1,14.4542,,2,3,2,2
703,704,0.0,3,1,25.0,0,0,7.7417,,3,1,1,2
704,705,0.0,3,1,26.0,1,0,7.8542,,1,1,2,2
705,706,0.0,2,1,39.0,0,0,26.0,,1,1,1,2
706,707,1.0,2,2,45.0,0,0,13.5,,1,2,1,2
707,708,1.0,1,1,42.0,0,0,26.2875,E24,1,1,1,2
708,709,1.0,1,2,22.0,0,0,151.55,,1,3,1,2
709,710,1.0,3,1,28.0,1,1,15.2458,,2,4,3,2
710,711,1.0,1,2,24.0,0,0,49.5042,C90,2,5,1,2
711,712,0.0,1,1,28.0,0,0,26.55,C124,1,1,1,2
712,713,1.0,1,1,48.0,1,0,52.0,C126,1,1,2,3
713,714,0.0,3,1,29.0,0,0,9.4833,,1,1,1,2
714,715,0.0,2,1,52.0,0,0,13.0,,1,1,1,3
715,716,0.0,3,1,19.0,0,0,7.65,F G73,1,1,1,2
716,717,1.0,1,2,38.0,0,0,227.525,C45,2,3,1,2
717,718,1.0,2,2,27.0,0,0,10.5,E101,1,3,1,2
718,719,0.0,3,1,28.0,0,0,15.5,,3,1,1,2
719,720,0.0,3,1,33.0,0,0,7.775,,1,1,1,2
720,721,1.0,2,2,6.0,0,1,33.0,,1,3,2,1
721,722,0.0,3,1,17.0,1,0,7.0542,,1,1,2,2
722,723,0.0,2,1,34.0,0,0,13.0,,1,1,1,2
723,724,0.0,2,1,50.0,0,0,13.0,,1,1,1,3
724,725,1.0,1,1,27.0,1,0,53.1,E8,1,1,2,2
725,726,0.0,3,1,20.0,0,0,8.6625,,1,1,1,2
726,727,1.0,2,2,30.0,3,0,21.0,,1,2,4,2
727,728,1.0,3,2,28.0,0,0,7.7375,,3,3,1,2
728,729,0.0,2,1,25.0,1,0,26.0,,1,1,2,2
729,730,0.0,3,2,25.0,1,0,7.925,,1,3,2,2
730,731,1.0,1,2,29.0,0,0,211.3375,B5,1,3,1,2
731,732,0.0,3,1,11.0,0,0,18.7875,,2,1,1,1
732,733,0.0,2,1,28.0,0,0,0.0,,1,1,1,2
733,734,0.0,2,1,23.0,0,0,13.0,,1,1,1,2
734,735,0.0,2,1,23.0,0,0,13.0,,1,1,1,2
735,736,0.0,3,1,28.5,0,0,16.1,,1,1,1,2
736,737,0.0,3,2,48.0,1,3,34.375,,1,2,5,3
737,738,1.0,1,1,35.0,0,0,512.3292,B101,2,1,1,2
738,739,0.0,3,1,28.0,0,0,7.8958,,1,1,1,2
739,740,0.0,3,1,28.0,0,0,7.8958,,1,1,1,2
740,741,1.0,1,1,28.0,0,0,30.0,D45,1,1,1,2
741,742,0.0,1,1,36.0,1,0,78.85,C46,1,1,2,2
742,743,1.0,1,2,21.0,2,2,262.375,B57 B59 B63 B66,2,3,5,2
743,744,0.0,3,1,24.0,1,0,16.1,,1,1,2,2
744,745,1.0,3,1,31.0,0,0,7.925,,1,1,1,2
745,746,0.0,1,1,70.0,1,1,71.0,B22,1,5,3,5
746,747,0.0,3,1,16.0,1,1,20.25,,1,1,3,2
747,748,1.0,2,2,30.0,0,0,13.0,,1,3,1,2
748,749,0.0,1,1,19.0,1,0,53.1,D30,1,1,2,2
749,750,0.0,3,1,31.0,0,0,7.75,,3,1,1,2
750,751,1.0,2,2,4.0,1,1,23.0,,1,3,3,1
751,752,1.0,3,1,6.0,0,1,12.475,E121,1,4,2,1
752,753,0.0,3,1,33.0,0,0,9.5,,1,1,1,2
753,754,0.0,3,1,23.0,0,0,7.8958,,1,1,1,2
754,755,1.0,2,2,48.0,1,2,65.0,,1,2,4,3
755,756,1.0,2,1,0.67,1,1,14.5,,1,4,3,1
756,757,0.0,3,1,28.0,0,0,7.7958,,1,1,1,2
757,758,0.0,2,1,18.0,0,0,11.5,,1,1,1,2
758,759,0.0,3,1,34.0,0,0,8.05,,1,1,1,2
759,760,1.0,1,2,33.0,0,0,86.5,B77,1,5,1,2
760,761,0.0,3,1,28.0,0,0,14.5,,1,1,1,2
761,762,0.0,3,1,41.0,0,0,7.125,,1,1,1,2
762,763,1.0,3,1,20.0,0,0,7.2292,,2,1,1,2
763,764,1.0,1,2,36.0,1,2,120.0,B96 B98,1,2,4,2
764,765,0.0,3,1,16.0,0,0,7.775,,1,1,1,2
765,766,1.0,1,2,51.0,1,0,77.9583,D11,1,2,2,3
766,767,0.0,1,1,28.0,0,0,39.6,,2,Dr,1,2
767,768,0.0,3,2,30.5,0,0,7.75,,3,3,1,2
768,769,0.0,3,1,28.0,1,0,24.15,,3,1,2,2
769,770,0.0,3,1,32.0,0,0,8.3625,,1,1,1,2
770,771,0.0,3,1,24.0,0,0,9.5,,1,1,1,2
771,772,0.0,3,1,48.0,0,0,7.8542,,1,1,1,3
772,773,0.0,2,2,57.0,0,0,10.5,E77,1,2,1,4
773,774,0.0,3,1,28.0,0,0,7.225,,2,1,1,2
774,775,1.0,2,2,54.0,1,3,23.0,,1,2,5,3
775,776,0.0,3,1,18.0,0,0,7.75,,1,1,1,2
776,777,0.0,3,1,28.0,0,0,7.75,F38,3,1,1,2
777,778,1.0,3,2,5.0,0,0,12.475,,1,3,1,1
778,779,0.0,3,1,28.0,0,0,7.7375,,3,1,1,2
779,780,1.0,1,2,43.0,0,1,211.3375,B3,1,2,2,2
780,781,1.0,3,2,13.0,0,0,7.2292,,2,3,1,1
781,782,1.0,1,2,17.0,1,0,57.0,B20,1,2,2,2
782,783,0.0,1,1,29.0,0,0,30.0,D6,1,1,1,2
783,784,0.0,3,1,28.0,1,2,23.45,,1,1,4,2
784,785,0.0,3,1,25.0,0,0,7.05,,1,1,1,2
785,786,0.0,3,1,25.0,0,0,7.25,,1,1,1,2
786,787,1.0,3,2,18.0,0,0,7.4958,,1,3,1,2
787,788,0.0,3,1,8.0,4,1,29.125,,3,4,6,1
788,789,1.0,3,1,1.0,1,2,20.575,,1,4,4,1
789,790,0.0,1,1,46.0,0,0,79.2,B82 B84,2,1,1,3
790,791,0.0,3,1,28.0,0,0,7.75,,3,1,1,2
791,792,0.0,2,1,16.0,0,0,26.0,,1,1,1,2
792,793,0.0,3,2,28.0,8,2,69.55,,1,3,11,2
793,794,0.0,1,1,28.0,0,0,30.6958,,2,1,1,2
794,795,0.0,3,1,25.0,0,0,7.8958,,1,1,1,2
795,796,0.0,2,1,39.0,0,0,13.0,,1,1,1,2
796,797,1.0,1,2,49.0,0,0,25.9292,D17,1,Dr,1,3
797,798,1.0,3,2,31.0,0,0,8.6833,,1,2,1,2
798,799,0.0,3,1,30.0,0,0,7.2292,,2,1,1,2
799,800,0.0,3,2,30.0,1,1,24.15,,1,2,3,2
800,801,0.0,2,1,34.0,0,0,13.0,,1,1,1,2
801,802,1.0,2,2,31.0,1,1,26.25,,1,2,3,2
802,803,1.0,1,1,11.0,1,2,120.0,B96 B98,1,4,4,1
803,804,1.0,3,1,0.42,0,1,8.5167,,2,4,2,1
804,805,1.0,3,1,27.0,0,0,6.975,,1,1,1,2
805,806,0.0,3,1,31.0,0,0,7.775,,1,1,1,2
806,807,0.0,1,1,39.0,0,0,0.0,A36,1,1,1,2
807,808,0.0,3,2,18.0,0,0,7.775,,1,3,1,2
808,809,0.0,2,1,39.0,0,0,13.0,,1,1,1,2
809,810,1.0,1,2,33.0,1,0,53.1,E8,1,2,2,2
810,811,0.0,3,1,26.0,0,0,7.8875,,1,1,1,2
811,812,0.0,3,1,39.0,0,0,24.15,,1,1,1,2
812,813,0.0,2,1,35.0,0,0,10.5,,1,1,1,2
813,814,0.0,3,2,6.0,4,2,31.275,,1,3,7,1
814,815,0.0,3,1,30.5,0,0,8.05,,1,1,1,2
815,816,0.0,1,1,28.0,0,0,0.0,B102,1,1,1,2
816,817,0.0,3,2,23.0,0,0,7.925,,1,3,1,2
817,818,0.0,2,1,31.0,1,1,37.0042,,2,1,3,2
818,819,0.0,3,1,43.0,0,0,6.45,,1,1,1,2
819,820,0.0,3,1,10.0,3,2,27.9,,1,4,6,1
820,821,1.0,1,2,52.0,1,1,93.5,B69,1,2,3,3
821,822,1.0,3,1,27.0,0,0,8.6625,,1,1,1,2
822,823,0.0,1,1,38.0,0,0,0.0,,1,5,1,2
823,824,1.0,3,2,27.0,0,1,12.475,E121,1,2,2,2
824,825,0.0,3,1,2.0,4,1,39.6875,,1,4,6,1
825,826,0.0,3,1,28.0,0,0,6.95,,3,1,1,2
826,827,0.0,3,1,28.0,0,0,56.4958,,1,1,1,2
827,828,1.0,2,1,1.0,0,2,37.0042,,2,4,3,1
828,829,1.0,3,1,28.0,0,0,7.75,,3,1,1,2
829,830,1.0,1,2,62.0,0,0,80.0,B28,2,2,1,4
830,831,1.0,3,2,15.0,1,0,14.4542,,2,2,2,1
831,832,1.0,2,1,0.83,1,1,18.75,,1,4,3,1
832,833,0.0,3,1,28.0,0,0,7.2292,,2,1,1,2
833,834,0.0,3,1,23.0,0,0,7.8542,,1,1,1,2
834,835,0.0,3,1,18.0,0,0,8.3,,1,1,1,2
835,836,1.0,1,2,39.0,1,1,83.1583,E49,2,3,3,2
836,837,0.0,3,1,21.0,0,0,8.6625,,1,1,1,2
837,838,0.0,3,1,28.0,0,0,8.05,,1,1,1,2
838,839,1.0,3,1,32.0,0,0,56.4958,,1,1,1,2
839,840,1.0,1,1,28.0,0,0,29.7,C47,2,1,1,2
840,841,0.0,3,1,20.0,0,0,7.925,,1,1,1,2
841,842,0.0,2,1,16.0,0,0,10.5,,1,1,1,2
842,843,1.0,1,2,30.0,0,0,31.0,,2,3,1,2
843,844,0.0,3,1,34.5,0,0,6.4375,,2,1,1,2
844,845,0.0,3,1,17.0,0,0,8.6625,,1,1,1,2
845,846,0.0,3,1,42.0,0,0,7.55,,1,1,1,2
846,847,0.0,3,1,28.0,8,2,69.55,,1,1,11,2
847,848,0.0,3,1,35.0,0,0,7.8958,,2,1,1,2
848,849,0.0,2,1,28.0,0,1,33.0,,1,Rev,2,2
849,850,1.0,1,2,28.0,1,0,89.1042,C92,2,2,2,2
850,851,0.0,3,1,4.0,4,2,31.275,,1,4,7,1
851,852,0.0,3,1,74.0,0,0,7.775,,1,1,1,5
852,853,0.0,3,2,9.0,1,1,15.2458,,2,3,3,1
853,854,1.0,1,2,16.0,0,1,39.4,D28,1,3,2,2
854,855,0.0,2,2,44.0,1,0,26.0,,1,2,2,2
855,856,1.0,3,2,18.0,0,1,9.35,,1,2,2,2
856,857,1.0,1,2,45.0,1,1,164.8667,,1,2,3,2
857,858,1.0,1,1,51.0,0,0,26.55,E17,1,1,1,3
858,859,1.0,3,2,24.0,0,3,19.2583,,2,2,4,2
859,860,0.0,3,1,28.0,0,0,7.2292,,2,1,1,2
860,861,0.0,3,1,41.0,2,0,14.1083,,1,1,3,2
861,862,0.0,2,1,21.0,1,0,11.5,,1,1,2,2
862,863,1.0,1,2,48.0,0,0,25.9292,D17,1,2,1,3
863,864,0.0,3,2,28.0,8,2,69.55,,1,3,11,2
864,865,0.0,2,1,24.0,0,0,13.0,,1,1,1,2
865,866,1.0,2,2,42.0,0,0,13.0,,1,2,1,2
866,867,1.0,2,2,27.0,1,0,13.8583,,2,3,2,2
867,868,0.0,1,1,31.0,0,0,50.4958,A24,1,1,1,2
868,869,0.0,3,1,28.0,0,0,9.5,,1,1,1,2
869,870,1.0,3,1,4.0,1,1,11.1333,,1,4,3,1
870,871,0.0,3,1,26.0,0,0,7.8958,,1,1,1,2
871,872,1.0,1,2,47.0,1,1,52.5542,D35,1,2,3,3
872,873,0.0,1,1,33.0,0,0,5.0,B51 B53 B55,1,1,1,2
873,874,0.0,3,1,47.0,0,0,9.0,,1,1,1,3
874,875,1.0,2,2,28.0,1,0,24.0,,2,2,2,2
875,876,1.0,3,2,15.0,0,0,7.225,,2,3,1,1
876,877,0.0,3,1,20.0,0,0,9.8458,,1,1,1,2
877,878,0.0,3,1,19.0,0,0,7.8958,,1,1,1,2
878,879,0.0,3,1,28.0,0,0,7.8958,,1,1,1,2
879,880,1.0,1,2,56.0,0,1,83.1583,C50,2,2,2,4
880,881,1.0,2,2,25.0,0,1,26.0,,1,2,2,2
881,882,0.0,3,1,33.0,0,0,7.8958,,1,1,1,2
882,883,0.0,3,2,22.0,0,0,10.5167,,1,3,1,2
883,884,0.0,2,1,28.0,0,0,10.5,,1,1,1,2
884,885,0.0,3,1,25.0,0,0,7.05,,1,1,1,2
885,886,0.0,3,2,39.0,0,5,29.125,,3,2,6,2
886,887,0.0,2,1,27.0,0,0,13.0,,1,Rev,1,2
887,888,1.0,1,2,19.0,0,0,30.0,B42,1,3,1,2
888,889,0.0,3,2,28.0,1,2,23.45,,1,3,4,2
889,890,1.0,1,1,26.0,0,0,30.0,C148,2,1,1,2
890,891,0.0,3,1,32.0,0,0,7.75,,3,1,1,2
891,892,,3,1,34.5,0,0,7.8292,,3,1,1,2
892,893,,3,2,47.0,1,0,7.0,,1,2,2,3
893,894,,2,1,62.0,0,0,9.6875,,3,1,1,4
894,895,,3,1,27.0,0,0,8.6625,,1,1,1,2
895,896,,3,2,22.0,1,1,12.2875,,1,2,3,2
896,897,,3,1,14.0,0,0,9.225,,1,1,1,1
897,898,,3,2,30.0,0,0,7.6292,,3,3,1,2
898,899,,2,1,26.0,1,1,29.0,,1,1,3,2
899,900,,3,2,18.0,0,0,7.2292,,2,2,1,2
900,901,,3,1,21.0,2,0,24.15,,1,1,3,2
901,902,,3,1,28.0,0,0,7.8958,,1,1,1,2
902,903,,1,1,46.0,0,0,26.0,,1,1,1,3
903,904,,1,2,23.0,1,0,82.2667,B45,1,2,2,2
904,905,,2,1,63.0,1,0,26.0,,1,1,2,4
905,906,,1,2,47.0,1,0,61.175,E31,1,2,2,3
906,907,,2,2,24.0,1,0,27.7208,,2,2,2,2
907,908,,2,1,35.0,0,0,12.35,,3,1,1,2
908,909,,3,1,21.0,0,0,7.225,,2,1,1,2
909,910,,3,2,27.0,1,0,7.925,,1,3,2,2
910,911,,3,2,45.0,0,0,7.225,,2,2,1,2
911,912,,1,1,55.0,1,0,59.4,,2,1,2,3
912,913,,3,1,9.0,0,1,3.1708,,1,4,2,1
913,914,,1,2,28.0,0,0,31.6833,,1,2,1,2
914,915,,1,1,21.0,0,1,61.3792,,2,1,2,2
915,916,,1,2,48.0,1,3,262.375,B57 B59 B63 B66,2,2,5,3
916,917,,3,1,50.0,1,0,14.5,,1,1,2,3
917,918,,1,2,22.0,0,1,61.9792,B36,2,3,2,2
918,919,,3,1,22.5,0,0,7.225,,2,1,1,2
919,920,,1,1,41.0,0,0,30.5,A21,1,1,1,2
920,921,,3,1,28.0,2,0,21.6792,,2,1,3,2
921,922,,2,1,50.0,1,0,26.0,,1,1,2,3
922,923,,2,1,24.0,2,0,31.5,,1,1,3,2
923,924,,3,2,33.0,1,2,20.575,,1,2,4,2
924,925,,3,2,28.0,1,2,23.45,,1,2,4,2
925,926,,1,1,30.0,1,0,57.75,C78,2,1,2,2
926,927,,3,1,18.5,0,0,7.2292,,2,1,1,2
927,928,,3,2,28.0,0,0,8.05,,1,3,1,2
928,929,,3,2,21.0,0,0,8.6625,,1,3,1,2
929,930,,3,1,25.0,0,0,9.5,,1,1,1,2
930,931,,3,1,28.0,0,0,56.4958,,1,1,1,2
931,932,,3,1,39.0,0,1,13.4167,,2,1,2,2
932,933,,1,1,28.0,0,0,26.55,D34,1,1,1,2
933,934,,3,1,41.0,0,0,7.85,,1,1,1,2
934,935,,2,2,30.0,0,0,13.0,,1,2,1,2
935,936,,1,2,45.0,1,0,52.5542,D19,1,2,2,2
936,937,,3,1,25.0,0,0,7.925,,1,1,1,2
937,938,,1,1,45.0,0,0,29.7,A9,2,1,1,2
938,939,,3,1,28.0,0,0,7.75,,3,1,1,2
939,940,,1,2,60.0,0,0,76.2917,D15,2,2,1,4
940,941,,3,2,36.0,0,2,15.9,,1,2,3,2
941,942,,1,1,24.0,1,0,60.0,C31,1,1,2,2
942,943,,2,1,27.0,0,0,15.0333,,2,1,1,2
943,944,,2,2,20.0,2,1,23.0,,1,3,4,2
944,945,,1,2,28.0,3,2,263.0,C23 C25 C27,1,3,6,2
945,946,,2,1,28.0,0,0,15.5792,,2,1,1,2
946,947,,3,1,10.0,4,1,29.125,,3,4,6,1
947,948,,3,1,35.0,0,0,7.8958,,1,1,1,2
948,949,,3,1,25.0,0,0,7.65,F G63,1,1,1,2
949,950,,3,1,28.0,1,0,16.1,,1,1,2,2
950,951,,1,2,36.0,0,0,262.375,B61,2,3,1,2
951,952,,3,1,17.0,0,0,7.8958,,1,1,1,2
952,953,,2,1,32.0,0,0,13.5,,1,1,1,2
953,954,,3,1,18.0,0,0,7.75,,1,1,1,2
954,955,,3,2,22.0,0,0,7.725,,3,3,1,2
955,956,,1,1,13.0,2,2,262.375,B57 B59 B63 B66,2,4,5,1
956,957,,2,2,28.0,0,0,21.0,,1,2,1,2
957,958,,3,2,18.0,0,0,7.8792,,3,3,1,2
958,959,,1,1,47.0,0,0,42.4,,1,1,1,3
959,960,,1,1,31.0,0,0,28.5375,C53,2,1,1,2
960,961,,1,2,60.0,1,4,263.0,C23 C25 C27,1,2,6,4
961,962,,3,2,24.0,0,0,7.75,,3,3,1,2
962,963,,3,1,21.0,0,0,7.8958,,1,1,1,2
963,964,,3,2,29.0,0,0,7.925,,1,3,1,2
964,965,,1,1,28.5,0,0,27.7208,D43,2,1,1,2
965,966,,1,2,35.0,0,0,211.5,C130,2,3,1,2
966,967,,1,1,32.5,0,0,211.5,C132,2,1,1,2
967,968,,3,1,28.0,0,0,8.05,,1,1,1,2
968,969,,1,2,55.0,2,0,25.7,C101,1,2,3,3
969,970,,2,1,30.0,0,0,13.0,,1,1,1,2
970,971,,3,2,24.0,0,0,7.75,,3,3,1,2
971,972,,3,1,6.0,1,1,15.2458,,2,4,3,1
972,973,,1,1,67.0,1,0,221.7792,C55 C57,1,1,2,5
973,974,,1,1,49.0,0,0,26.0,,1,1,1,3
974,975,,3,1,28.0,0,0,7.8958,,1,1,1,2
975,976,,2,1,28.0,0,0,10.7083,,3,1,1,2
976,977,,3,1,28.0,1,0,14.4542,,2,1,2,2
977,978,,3,2,27.0,0,0,7.8792,,3,3,1,2
978,979,,3,2,18.0,0,0,8.05,,1,3,1,2
979,980,,3,2,28.0,0,0,7.75,,3,5,1,2
980,981,,2,1,2.0,1,1,23.0,,1,4,3,1
981,982,,3,2,22.0,1,0,13.9,,1,2,2,2
982,983,,3,1,28.0,0,0,7.775,,1,1,1,2
983,984,,1,2,27.0,1,2,52.0,B71,1,2,4,2
984,985,,3,1,28.0,0,0,8.05,,1,1,1,2
985,986,,1,1,25.0,0,0,26.0,,2,1,1,2
986,987,,3,1,25.0,0,0,7.7958,,1,1,1,2
987,988,,1,2,76.0,1,0,78.85,C46,1,2,2,5
988,989,,3,1,29.0,0,0,7.925,,1,1,1,2
989,990,,3,2,20.0,0,0,7.8542,,1,3,1,2
990,991,,3,1,33.0,0,0,8.05,,1,1,1,2
991,992,,1,2,43.0,1,0,55.4417,C116,2,2,2,2
992,993,,2,1,27.0,1,0,26.0,,1,1,2,2
993,994,,3,1,28.0,0,0,7.75,,3,1,1,2
994,995,,3,1,26.0,0,0,7.775,,1,1,1,2
995,996,,3,2,16.0,1,1,8.5167,,2,2,3,2
996,997,,3,1,28.0,0,0,22.525,,1,1,1,2
997,998,,3,1,21.0,0,0,7.8208,,3,1,1,2
998,999,,3,1,28.0,0,0,7.75,,3,1,1,2
999,1000,,3,1,28.0,0,0,8.7125,,1,1,1,2
1000,1001,,2,1,18.5,0,0,13.0,F,1,1,1,2
1001,1002,,2,1,41.0,0,0,15.0458,,2,1,1,2
1002,1003,,3,2,28.0,0,0,7.7792,,3,3,1,2
1003,1004,,1,2,36.0,0,0,31.6792,A29,2,3,1,2
1004,1005,,3,2,18.5,0,0,7.2833,,3,3,1,2
1005,1006,,1,2,63.0,1,0,221.7792,C55 C57,1,2,2,4
1006,1007,,3,1,18.0,1,0,14.4542,,2,1,2,2
1007,1008,,3,1,28.0,0,0,6.4375,,2,1,1,2
1008,1009,,3,2,1.0,1,1,16.7,G6,1,3,3,1
1009,1010,,1,1,36.0,0,0,75.2417,C6,2,1,1,2
1010,1011,,2,2,29.0,1,0,26.0,,1,2,2,2
1011,1012,,2,2,12.0,0,0,15.75,,1,3,1,1
1012,1013,,3,1,28.0,1,0,7.75,,3,1,2,2
1013,1014,,1,2,35.0,1,0,57.75,C28,2,2,2,2
1014,1015,,3,1,28.0,0,0,7.25,,1,1,1,2
1015,1016,,3,1,28.0,0,0,7.75,,3,1,1,2
1016,1017,,3,2,17.0,0,1,16.1,,1,3,2,2
1017,1018,,3,1,22.0,0,0,7.7958,,1,1,1,2
1018,1019,,3,2,28.0,2,0,23.25,,3,3,3,2
1019,1020,,2,1,42.0,0,0,13.0,,1,1,1,2
1020,1021,,3,1,24.0,0,0,8.05,,1,1,1,2
1021,1022,,3,1,32.0,0,0,8.05,,1,1,1,2
1022,1023,,1,1,53.0,0,0,28.5,C51,2,5,1,3
1023,1024,,3,2,28.0,0,4,25.4667,,1,2,5,2
1024,1025,,3,1,28.0,1,0,6.4375,,2,1,2,2
1025,1026,,3,1,43.0,0,0,7.8958,,1,1,1,2
1026,1027,,3,1,24.0,0,0,7.8542,,1,1,1,2
1027,1028,,3,1,26.5,0,0,7.225,,2,1,1,2
1028,1029,,2,1,26.0,0,0,13.0,,1,1,1,2
1029,1030,,3,2,23.0,0,0,8.05,,1,3,1,2
1030,1031,,3,1,40.0,1,6,46.9,,1,1,8,2
1031,1032,,3,2,10.0,5,2,46.9,,1,3,8,1
1032,1033,,1,2,33.0,0,0,151.55,,1,3,1,2
1033,1034,,1,1,61.0,1,3,262.375,B57 B59 B63 B66,2,1,5,4
1034,1035,,2,1,28.0,0,0,26.0,,1,1,1,2
1035,1036,,1,1,42.0,0,0,26.55,,1,1,1,2
1036,1037,,3,1,31.0,3,0,18.0,,1,1,4,2
1037,1038,,1,1,28.0,0,0,51.8625,E46,1,1,1,2
1038,1039,,3,1,22.0,0,0,8.05,,1,1,1,2
1039,1040,,1,1,28.0,0,0,26.55,,1,1,1,2
1040,1041,,2,1,30.0,1,1,26.0,,1,Rev,3,2
1041,1042,,1,2,23.0,0,1,83.1583,C54,2,2,2,2
1042,1043,,3,1,28.0,0,0,7.8958,,2,1,1,2
1043,1044,,3,1,60.5,0,0,8.05,,1,1,1,4
1044,1045,,3,2,36.0,0,2,12.1833,,1,2,3,2
1045,1046,,3,1,13.0,4,2,31.3875,,1,4,7,1
1046,1047,,3,1,24.0,0,0,7.55,,1,1,1,2
1047,1048,,1,2,29.0,0,0,221.7792,C97,1,3,1,2
1048,1049,,3,2,23.0,0,0,7.8542,,1,3,1,2
1049,1050,,1,1,42.0,0,0,26.55,D22,1,1,1,2
1050,1051,,3,2,26.0,0,2,13.775,,1,2,3,2
1051,1052,,3,2,28.0,0,0,7.7333,,3,3,1,2
1052,1053,,3,1,7.0,1,1,15.2458,,2,4,3,1
1053,1054,,2,2,26.0,0,0,13.5,,1,3,1,2
1054,1055,,3,1,28.0,0,0,7.0,,1,1,1,2
1055,1056,,2,1,41.0,0,0,13.0,,1,Rev,1,2
1056,1057,,3,2,26.0,1,1,22.025,,1,2,3,2
1057,1058,,1,1,48.0,0,0,50.4958,B10,2,1,1,3
1058,1059,,3,1,18.0,2,2,34.375,,1,1,5,2
1059,1060,,1,2,28.0,0,0,27.7208,,2,2,1,2
1060,1061,,3,2,22.0,0,0,8.9625,,1,3,1,2
1061,1062,,3,1,28.0,0,0,7.55,,1,1,1,2
1062,1063,,3,1,27.0,0,0,7.225,,2,1,1,2
1063,1064,,3,1,23.0,1,0,13.9,,1,1,2,2
1064,1065,,3,1,28.0,0,0,7.2292,,2,1,1,2
1065,1066,,3,1,40.0,1,5,31.3875,,1,1,7,2
1066,1067,,2,2,15.0,0,2,39.0,,1,3,3,1
1067,1068,,2,2,20.0,0,0,36.75,,1,3,1,2
1068,1069,,1,1,54.0,1,0,55.4417,C116,2,1,2,3
1069,1070,,2,2,36.0,0,3,39.0,F4,1,2,4,2
1070,1071,,1,2,64.0,0,2,83.1583,E45,2,2,3,4
1071,1072,,2,1,30.0,0,0,13.0,,1,1,1,2
1072,1073,,1,1,37.0,1,1,83.1583,E52,2,1,3,2
1073,1074,,1,2,18.0,1,0,53.1,D30,1,2,2,2
1074,1075,,3,1,28.0,0,0,7.75,,3,1,1,2
1075,1076,,1,2,27.0,1,1,247.5208,B58 B60,2,2,3,2
1076,1077,,2,1,40.0,0,0,16.0,,1,1,1,2
1077,1078,,2,2,21.0,0,1,21.0,,1,3,2,2
1078,1079,,3,1,17.0,2,0,8.05,,1,1,3,2
1079,1080,,3,2,28.0,8,2,69.55,,1,3,11,2
1080,1081,,2,1,40.0,0,0,13.0,,1,1,1,2
1081,1082,,2,1,34.0,1,0,26.0,,1,1,2,2
1082,1083,,1,1,28.0,0,0,26.0,,1,1,1,2
1083,1084,,3,1,11.5,1,1,14.5,,1,4,3,1
1084,1085,,2,1,61.0,0,0,12.35,,3,1,1,4
1085,1086,,2,1,8.0,0,2,32.5,,1,4,3,1
1086,1087,,3,1,33.0,0,0,7.8542,,1,1,1,2
1087,1088,,1,1,6.0,0,2,134.5,E34,2,4,3,1
1088,1089,,3,2,18.0,0,0,7.775,,1,3,1,2
1089,1090,,2,1,23.0,0,0,10.5,,1,1,1,2
1090,1091,,3,2,28.0,0,0,8.1125,,1,2,1,2
1091,1092,,3,2,28.0,0,0,15.5,,3,3,1,2
1092,1093,,3,1,0.33,0,2,14.4,,1,4,3,1
1093,1094,,1,1,47.0,1,0,227.525,C62 C64,2,5,2,3
1094,1095,,2,2,8.0,1,1,26.0,,1,3,3,1
1095,1096,,2,1,25.0,0,0,10.5,,1,1,1,2
1096,1097,,1,1,28.0,0,0,25.7417,,2,1,1,2
1097,1098,,3,2,35.0,0,0,7.75,,3,3,1,2
1098,1099,,2,1,24.0,0,0,10.5,,1,1,1,2
1099,1100,,1,2,33.0,0,0,27.7208,A11,2,3,1,2
1100,1101,,3,1,25.0,0,0,7.8958,,1,1,1,2
1101,1102,,3,1,32.0,0,0,22.525,,1,1,1,2
1102,1103,,3,1,28.0,0,0,7.05,,1,1,1,2
1103,1104,,2,1,17.0,0,0,73.5,,1,1,1,2
1104,1105,,2,2,60.0,1,0,26.0,,1,2,2,4
1105,1106,,3,2,38.0,4,2,7.775,,1,3,7,2
1106,1107,,1,1,42.0,0,0,42.5,B11,1,1,1,2
1107,1108,,3,2,28.0,0,0,7.8792,,3,3,1,2
1108,1109,,1,1,57.0,1,1,164.8667,,1,1,3,4
1109,1110,,1,2,50.0,1,1,211.5,C80,2,2,3,3
1110,1111,,3,1,28.0,0,0,8.05,,1,1,1,2
1111,1112,,2,2,30.0,1,0,13.8583,,2,3,2,2
1112,1113,,3,1,21.0,0,0,8.05,,1,1,1,2
1113,1114,,2,2,22.0,0,0,10.5,F33,1,2,1,2
1114,1115,,3,1,21.0,0,0,7.7958,,1,1,1,2
1115,1116,,1,2,53.0,0,0,27.4458,,2,2,1,3
1116,1117,,3,2,28.0,0,2,15.2458,,2,2,3,2
1117,1118,,3,1,23.0,0,0,7.7958,,1,1,1,2
1118,1119,,3,2,28.0,0,0,7.75,,3,3,1,2
1119,1120,,3,1,40.5,0,0,15.1,,1,1,1,2
1120,1121,,2,1,36.0,0,0,13.0,,1,1,1,2
1121,1122,,2,1,14.0,0,0,65.0,,1,1,1,1
1122,1123,,1,2,21.0,0,0,26.55,,1,3,1,2
1123,1124,,3,1,21.0,1,0,6.4958,,1,1,2,2
1124,1125,,3,1,28.0,0,0,7.8792,,3,1,1,2
1125,1126,,1,1,39.0,1,0,71.2833,C85,2,1,2,2
1126,1127,,3,1,20.0,0,0,7.8542,,1,1,1,2
1127,1128,,1,1,64.0,1,0,75.25,D37,2,1,2,4
1128,1129,,3,1,20.0,0,0,7.225,,2,1,1,2
1129,1130,,2,2,18.0,1,1,13.0,,1,3,3,2
1130,1131,,1,2,48.0,1,0,106.425,C86,2,2,2,3
1131,1132,,1,2,55.0,0,0,27.7208,,2,2,1,3
1132,1133,,2,2,45.0,0,2,30.0,,1,2,3,2
1133,1134,,1,1,45.0,1,1,134.5,E34,2,1,3,2
1134,1135,,3,1,28.0,0,0,7.8875,,1,1,1,2
1135,1136,,3,1,28.0,1,2,23.45,,1,4,4,2
1136,1137,,1,1,41.0,1,0,51.8625,D21,1,1,2,2
1137,1138,,2,2,22.0,0,0,21.0,,1,2,1,2
1138,1139,,2,1,42.0,1,1,32.5,,1,1,3,2
1139,1140,,2,2,29.0,1,0,26.0,,1,2,2,2
1140,1141,,3,2,28.0,1,0,14.4542,,2,2,2,2
1141,1142,,2,2,0.92,1,2,27.75,,1,3,4,1
1142,1143,,3,1,20.0,0,0,7.925,,1,1,1,2
1143,1144,,1,1,27.0,1,0,136.7792,C89,2,1,2,2
1144,1145,,3,1,24.0,0,0,9.325,,1,1,1,2
1145,1146,,3,1,32.5,0,0,9.5,,1,1,1,2
1146,1147,,3,1,28.0,0,0,7.55,,1,1,1,2
1147,1148,,3,1,28.0,0,0,7.75,,3,1,1,2
1148,1149,,3,1,28.0,0,0,8.05,,1,1,1,2
1149,1150,,2,2,19.0,0,0,13.0,,1,3,1,2
1150,1151,,3,1,21.0,0,0,7.775,,1,1,1,2
1151,1152,,3,1,36.5,1,0,17.4,,1,1,2,2
1152,1153,,3,1,21.0,0,0,7.8542,,1,1,1,2
1153,1154,,2,2,29.0,0,2,23.0,,1,2,3,2
1154,1155,,3,2,1.0,1,1,12.1833,,1,3,3,1
1155,1156,,2,1,30.0,0,0,12.7375,,2,1,1,2
1156,1157,,3,1,28.0,0,0,7.8958,,1,1,1,2
1157,1158,,1,1,28.0,0,0,0.0,,1,1,1,2
1158,1159,,3,1,28.0,0,0,7.55,,1,1,1,2
1159,1160,,3,2,28.0,0,0,8.05,,1,3,1,2
1160,1161,,3,1,17.0,0,0,8.6625,,1,1,1,2
1161,1162,,1,1,46.0,0,0,75.2417,C6,2,1,1,3
1162,1163,,3,1,28.0,0,0,7.75,,3,1,1,2
1163,1164,,1,2,26.0,1,0,136.7792,C89,2,2,2,2
1164,1165,,3,2,28.0,1,0,15.5,,3,3,2,2
1165,1166,,3,1,28.0,0,0,7.225,,2,1,1,2
1166,1167,,2,2,20.0,1,0,26.0,,1,3,2,2
1167,1168,,2,1,28.0,0,0,10.5,,1,1,1,2
1168,1169,,2,1,40.0,1,0,26.0,,1,1,2,2
1169,1170,,2,1,30.0,1,0,21.0,,1,1,2,2
1170,1171,,2,1,22.0,0,0,10.5,,1,1,1,2
1171,1172,,3,2,23.0,0,0,8.6625,,1,3,1,2
1172,1173,,3,1,0.75,1,1,13.775,,1,4,3,1
1173,1174,,3,2,28.0,0,0,7.75,,3,3,1,2
1174,1175,,3,2,9.0,1,1,15.2458,,2,3,3,1
1175,1176,,3,2,2.0,1,1,20.2125,,1,3,3,1
1176,1177,,3,1,36.0,0,0,7.25,,1,1,1,2
1177,1178,,3,1,28.0,0,0,7.25,,1,1,1,2
1178,1179,,1,1,24.0,1,0,82.2667,B45,1,1,2,2
1179,1180,,3,1,28.0,0,0,7.2292,F E46,2,1,1,2
1180,1181,,3,1,28.0,0,0,8.05,,1,1,1,2
1181,1182,,1,1,28.0,0,0,39.6,,1,1,1,2
1182,1183,,3,2,30.0,0,0,6.95,,3,3,1,2
1183,1184,,3,1,28.0,0,0,7.2292,,2,1,1,2
1184,1185,,1,1,53.0,1,1,81.8583,A34,1,Dr,3,3
1185,1186,,3,1,36.0,0,0,9.5,,1,1,1,2
1186,1187,,3,1,26.0,0,0,7.8958,,1,1,1,2
1187,1188,,2,2,1.0,1,2,41.5792,,2,3,4,1
1188,1189,,3,1,28.0,2,0,21.6792,,2,1,3,2
1189,1190,,1,1,30.0,0,0,45.5,,1,1,1,2
1190,1191,,3,1,29.0,0,0,7.8542,,1,1,1,2
1191,1192,,3,1,32.0,0,0,7.775,,1,1,1,2
1192,1193,,2,1,28.0,0,0,15.0458,D,2,1,1,2
1193,1194,,2,1,43.0,0,1,21.0,,1,1,2,2
1194,1195,,3,1,24.0,0,0,8.6625,,1,1,1,2
1195,1196,,3,2,28.0,0,0,7.75,,3,3,1,2
1196,1197,,1,2,64.0,1,1,26.55,B26,1,2,3,4
1197,1198,,1,1,30.0,1,2,151.55,C22 C26,1,1,4,2
1198,1199,,3,1,0.83,0,1,9.35,,1,4,2,1
1199,1200,,1,1,55.0,1,1,93.5,B69,1,1,3,3
1200,1201,,3,2,45.0,1,0,14.1083,,1,2,2,2
1201,1202,,3,1,18.0,0,0,8.6625,,1,1,1,2
1202,1203,,3,1,22.0,0,0,7.225,,2,1,1,2
1203,1204,,3,1,28.0,0,0,7.575,,1,1,1,2
1204,1205,,3,2,37.0,0,0,7.75,,3,3,1,2
1205,1206,,1,2,55.0,0,0,135.6333,C32,2,2,1,3
1206,1207,,3,2,17.0,0,0,7.7333,,3,3,1,2
1207,1208,,1,1,57.0,1,0,146.5208,B78,2,1,2,4
1208,1209,,2,1,19.0,0,0,10.5,,1,1,1,2
1209,1210,,3,1,27.0,0,0,7.8542,,1,1,1,2
1210,1211,,2,1,22.0,2,0,31.5,,1,1,3,2
1211,1212,,3,1,26.0,0,0,7.775,,1,1,1,2
1212,1213,,3,1,25.0,0,0,7.2292,F E57,2,1,1,2
1213,1214,,2,1,26.0,0,0,13.0,F2,1,1,1,2
1214,1215,,1,1,33.0,0,0,26.55,,1,1,1,2
1215,1216,,1,2,39.0,0,0,211.3375,,1,3,1,2
1216,1217,,3,1,23.0,0,0,7.05,,1,1,1,2
1217,1218,,2,2,12.0,2,1,39.0,F4,1,3,4,1
1218,1219,,1,1,46.0,0,0,79.2,,2,1,1,3
1219,1220,,2,1,29.0,1,0,26.0,,1,1,2,2
1220,1221,,2,1,21.0,0,0,13.0,,1,1,1,2
1221,1222,,2,2,48.0,0,2,36.75,,1,2,3,3
1222,1223,,1,1,39.0,0,0,29.7,A18,2,1,1,2
1223,1224,,3,1,28.0,0,0,7.225,,2,1,1,2
1224,1225,,3,2,19.0,1,1,15.7417,,2,2,3,2
1225,1226,,3,1,27.0,0,0,7.8958,,1,1,1,2
1226,1227,,1,1,30.0,0,0,26.0,C106,1,1,1,2
1227,1228,,2,1,32.0,0,0,13.0,,1,1,1,2
1228,1229,,3,1,39.0,0,2,7.2292,,2,1,3,2
1229,1230,,2,1,25.0,0,0,31.5,,1,1,1,2
1230,1231,,3,1,28.0,0,0,7.2292,,2,4,1,2
1231,1232,,2,1,18.0,0,0,10.5,,1,1,1,2
1232,1233,,3,1,32.0,0,0,7.5792,,1,1,1,2
1233,1234,,3,1,28.0,1,9,69.55,,1,1,11,2
1234,1235,,1,2,58.0,0,1,512.3292,B51 B53 B55,2,2,2,4
1235,1236,,3,1,28.0,1,1,14.5,,1,4,3,2
1236,1237,,3,2,16.0,0,0,7.65,,1,3,1,2
1237,1238,,2,1,26.0,0,0,13.0,,1,1,1,2
1238,1239,,3,2,38.0,0,0,7.2292,,2,2,1,2
1239,1240,,2,1,24.0,0,0,13.5,,1,1,1,2
1240,1241,,2,2,31.0,0,0,21.0,,1,3,1,2
1241,1242,,1,2,45.0,0,1,63.3583,D10 D12,2,2,2,2
1242,1243,,2,1,25.0,0,0,10.5,,1,1,1,2
1243,1244,,2,1,18.0,0,0,73.5,,1,1,1,2
1244,1245,,2,1,49.0,1,2,65.0,,1,1,4,3
1245,1246,,3,2,0.17,1,2,20.575,,1,3,4,1
1246,1247,,1,1,50.0,0,0,26.0,E60,1,1,1,3
1247,1248,,1,2,59.0,2,0,51.4792,C101,1,2,3,4
1248,1249,,3,1,28.0,0,0,7.8792,,1,1,1,2
1249,1250,,3,1,28.0,0,0,7.75,,3,1,1,2
1250,1251,,3,2,30.0,1,0,15.55,,1,2,2,2
1251,1252,,3,1,14.5,8,2,69.55,,1,4,11,1
1252,1253,,2,2,24.0,1,1,37.0042,,2,2,3,2
1253,1254,,2,2,31.0,0,0,21.0,,1,2,1,2
1254,1255,,3,1,27.0,0,0,8.6625,,1,1,1,2
1255,1256,,1,2,25.0,1,0,55.4417,E50,2,2,2,2
1256,1257,,3,2,28.0,1,9,69.55,,1,2,11,2
1257,1258,,3,1,28.0,1,0,14.4583,,2,1,2,2
1258,1259,,3,2,22.0,0,0,39.6875,,1,3,1,2
1259,1260,,1,2,45.0,0,1,59.4,,2,2,2,2
1260,1261,,2,1,29.0,0,0,13.8583,,2,1,1,2
1261,1262,,2,1,21.0,1,0,11.5,,1,1,2,2
1262,1263,,1,2,31.0,0,0,134.5,E39 E41,2,3,1,2
1263,1264,,1,1,49.0,0,0,0.0,B52 B54 B56,1,1,1,3
1264,1265,,2,1,44.0,0,0,13.0,,1,1,1,2
1265,1266,,1,2,54.0,1,1,81.8583,A34,1,2,3,3
1266,1267,,1,2,45.0,0,0,262.375,,2,3,1,2
1267,1268,,3,2,22.0,2,0,8.6625,,1,3,3,2
1268,1269,,2,1,21.0,0,0,11.5,,1,1,1,2
1269,1270,,1,1,55.0,0,0,50.0,C39,1,1,1,3
1270,1271,,3,1,5.0,4,2,31.3875,,1,4,7,1
1271,1272,,3,1,28.0,0,0,7.75,,3,1,1,2
1272,1273,,3,1,26.0,0,0,7.8792,,3,1,1,2
1273,1274,,3,2,28.0,0,0,14.5,,1,2,1,2
1274,1275,,3,2,19.0,1,0,16.1,,1,2,2,2
1275,1276,,2,1,28.0,0,0,12.875,,1,1,1,2
1276,1277,,2,2,24.0,1,2,65.0,,1,3,4,2
1277,1278,,3,1,24.0,0,0,7.775,,1,1,1,2
1278,1279,,2,1,57.0,0,0,13.0,,1,1,1,4
1279,1280,,3,1,21.0,0,0,7.75,,3,1,1,2
1280,1281,,3,1,6.0,3,1,21.075,,1,4,5,1
1281,1282,,1,1,23.0,0,0,93.5,B24,1,1,1,2
1282,1283,,1,2,51.0,0,1,39.4,D28,1,2,2,3
1283,1284,,3,1,13.0,0,2,20.25,,1,4,3,1
1284,1285,,2,1,47.0,0,0,10.5,,1,1,1,3
1285,1286,,3,1,29.0,3,1,22.025,,1,1,5,2
1286,1287,,1,2,18.0,1,0,60.0,C31,1,2,2,2
1287,1288,,3,1,24.0,0,0,7.25,,3,1,1,2
1288,1289,,1,2,48.0,1,1,79.2,B41,2,2,3,3
1289,1290,,3,1,22.0,0,0,7.775,,1,1,1,2
1290,1291,,3,1,31.0,0,0,7.7333,,3,1,1,2
1291,1292,,1,2,30.0,0,0,164.8667,C7,1,3,1,2
1292,1293,,2,1,38.0,1,0,21.0,,1,1,2,2
1293,1294,,1,2,22.0,0,1,59.4,,2,3,2,2
1294,1295,,1,1,17.0,0,0,47.1,,1,1,1,2
1295,1296,,1,1,43.0,1,0,27.7208,D40,2,1,2,2
1296,1297,,2,1,20.0,0,0,13.8625,D38,2,1,1,2
1297,1298,,2,1,23.0,1,0,10.5,,1,1,2,2
1298,1299,,1,1,50.0,1,1,211.5,C80,2,1,3,3
1299,1300,,3,2,28.0,0,0,7.7208,,3,3,1,2
1300,1301,,3,2,3.0,1,1,13.775,,1,3,3,1
1301,1302,,3,2,28.0,0,0,7.75,,3,3,1,2
1302,1303,,1,2,37.0,1,0,90.0,C78,3,2,2,2
1303,1304,,3,2,28.0,0,0,7.775,,1,3,1,2
1304,1305,,3,1,28.0,0,0,8.05,,1,1,1,2
1305,1306,,1,2,39.0,0,0,108.9,C105,2,5,1,2
1306,1307,,3,1,38.5,0,0,7.25,,1,1,1,2
1307,1308,,3,1,28.0,0,0,8.05,,1,1,1,2
1308,1309,,3,1,28.0,1,1,22.3583,,2,4,3,2
